date,open,high,low,close,volume
2021-06-01,0.04625367,0.05178424,0.03914772,0.04711819,142344.70297303
2021-06-02,0.02186604,0.02606403,0.01585533,0.02020445,156953.08720205
2021-06-03,0.06076678,0.06773669,0.04961747,0.05494899,105700.70385931
2021-06-04,0.03139301,0.04032625,0.02503633,0.0301613,143620.60237375
2021-06-05,0.05397386,0.06530476,0.04750277,0.06124159,202404.26312277
2021-06-06,0.04782798,0.05357262,0.038598,0.04594498,83206.66714511
2021-06-07,0.0547015,0.06513394,0.05152217,0.0622741,95051.39721924
2021-06-08,0.07190218,0.07324496,0.06103877,0.06858085,89867.83054546
2021-06-09,0.04801774,0.0548305,0.04056183,0.04948724,188304.82744755
2021-06-10,0.06161108,0.06804656,0.0552423,0.05836134,106957.73437101
2021-06-11,0.04461242,0.04886207,0.03010853,0.04211579,100842.44746881
2021-06-12,0.03353154,0.04279709,0.02317209,0.02968917,200149.04075806
2021-06-13,0.07987494,0.0810762,0.07647117,0.08034508,207173.74543899
2021-06-14,0.02326379,0.0290235,0.01904291,0.02309613,193417.91918209
2021-06-15,0.07534385,0.08220375,0.06056502,0.06373681,116292.14445996
2021-06-16,0.04040248,0.04370198,0.03085189,0.03564111,194958.15715738
2021-06-17,0.03648669,0.03847884,0.03473413,0.03795498,115935.81526849
2021-06-18,0.06685845,0.07180305,0.05510689,0.06089098,160078.16211283
2021-06-19,0.07888887,0.08470995,0.07245492,0.07442209,204203.11886068
2021-06-20,0.06663444,0.07154472,0.04964043,0.06049973,128467.41958069
2021-06-21,0.0854671,0.08891829,0.08327685,0.08489151,140938.16690767
2021-06-22,0.08573011,0.09279676,0.07952062,0.08164824,192657.8522742
2021-06-23,0.06170075,0.06756823,0.05670768,0.06445038,253492.57578892
2021-06-24,0.0302438,0.04146818,0.02658225,0.03238283,128144.91144834
2021-06-25,0.04938544,0.06125173,0.04801429,0.05559189,203111.89862149
2021-06-26,0.06526866,0.07111118,0.04475443,0.0538515,71804.16169696
2021-06-27,0.05311234,0.0633495,0.05145386,0.05149661,209437.18078853
2021-06-28,0.07358572,0.08072288,0.06076178,0.06591799,118701.02097491
2021-06-29,0.03025594,0.03468085,0.01821803,0.02927883,113338.51032091
2021-06-30,0.05295677,0.06461539,0.04717333,0.06080178,199437.60075117
2021-07-01,0.08328675,0.08515576,0.0769132,0.08350749,181019.22590483
2021-07-02,0.0610287,0.07293029,0.05576501,0.06453014,191989.47730296
2021-07-03,0.08337631,0.08923586,0.06887156,0.08032995,164622.18245833
2021-07-04,0.04964056,0.05908887,0.04372458,0.04908072,181162.65930835
2021-07-05,0.07650185,0.07924585,0.07060358,0.07906614,163784.08767144
2021-07-06,0.04749826,0.05432096,0.04112781,0.04314283,181093.10664127
2021-07-07,0.04411732,0.0578913,0.03925296,0.05153245,105283.02604861
2021-07-08,0.06850544,0.07177283,0.05986391,0.06606497,210903.89617155
2021-07-09,0.04340869,0.04841696,0.02970621,0.04150424,38261.82175331
2021-07-10,0.06828354,0.07451418,0.05757877,0.06981477,149485.61092435
2021-07-11,0.09866874,0.10693102,0.09514128,0.10087948,108558.71924293
2021-07-12,0.05604892,0.06306925,0.05473384,0.05746178,270148.06131658
2021-07-13,0.06173823,0.06371689,0.04714609,0.0530237,339896.52608861
2021-07-14,0.03164407,0.04248104,0.0252266,0.03912057,191600.40240368
2021-07-15,0.08118894,0.08266725,0.07749403,0.082474,224413.36168811
2021-07-16,0.05634674,0.07102628,0.04715224,0.06613143,277592.88821703
2021-07-17,0.06974994,0.07102932,0.06573316,0.06820343,152814.95145037
2021-07-18,0.07008609,0.07365146,0.065641,0.06718517,103333.08953401
2021-07-19,0.03735029,0.03928713,0.03013307,0.03413324,176992.69992607
2021-07-20,0.088221,0.09622485,0.08406151,0.0878645,105335.76080807
2021-07-21,0.05172458,0.05970724,0.03762571,0.0440879,349816.13181371
2021-07-22,0.0601822,0.06610497,0.05274611,0.05708045,288970.28086629
2021-07-23,0.08101348,0.09181134,0.07472847,0.08801088,196990.99290252
2021-07-24,0.01978355,0.03178046,0.01499688,0.03106136,143807.80925762
2021-07-25,0.06123784,0.0664135,0.0601687,0.06508621,169751.24152485
2021-07-26,0.07069938,0.07807177,0.06130656,0.06573441,230955.65776521
2021-07-27,0.05245333,0.05919577,0.04920776,0.05575751,20055.79682998
2021-07-28,0.06301231,0.06692551,0.0589044,0.06176288,172308.22946132
2021-07-29,0.09331657,0.09679367,0.08989963,0.09312529,145814.61371129
2021-07-30,0.03301778,0.03882763,0.02248374,0.03364408,206608.4258468
2021-07-31,0.07620675,0.08678125,0.0746249,0.07977149,168717.64180145
2021-08-01,0.06378512,0.07861531,0.057083,0.06761717,35836.30182633
2021-08-02,0.06841408,0.07545527,0.06201679,0.07045114,173431.96003869
2021-08-03,0.01297083,0.0260803,0.00406722,0.01876243,264189.17319975
2021-08-04,0.08548265,0.10306878,0.08473378,0.09576033,246816.04371252
2021-08-05,0.05920963,0.07594517,0.05227772,0.06491547,36531.06666291
2021-08-06,0.06221366,0.07120325,0.05860924,0.06586936,232409.63317612
2021-08-07,0.03327282,0.04371539,0.02916667,0.03168579,162638.92056349
2021-08-08,0.06089455,0.07128674,0.0556034,0.06434306,93373.94971301
2021-08-09,0.09965294,0.10415162,0.09260489,0.09569487,102938.24266737
2021-08-10,0.08449249,0.09160319,0.08004586,0.08522488,186984.56818904
2021-08-11,0.06225726,0.06670763,0.05094923,0.05843799,190343.04656098
2021-08-12,0.054278,0.06075653,0.05150021,0.05857689,90930.74140291
2021-08-13,0.07814352,0.08808683,0.06630553,0.07837653,151453.34826433
2021-08-14,0.02834451,0.03502573,0.02780984,0.03025178,134970.40336182
2021-08-15,0.06480542,0.06979728,0.06208169,0.06710256,257201.02382156
2021-08-16,0.05417258,0.06220353,0.04630955,0.05832223,108918.71735745
2021-08-17,0.07494303,0.08219038,0.06210453,0.07130361,116971.08122182
2021-08-18,0.08050857,0.08828322,0.07192031,0.08447284,199342.52418667
2021-08-19,0.05605458,0.06869663,0.0529457,0.06201165,94566.91030741
2021-08-20,0.050391,0.0517541,0.04307624,0.04915853,160434.5771826
2021-08-21,0.05576684,0.06260116,0.04740105,0.0505822,109799.00269374
2021-08-22,0.0687469,0.0803294,0.06564004,0.07632727,154192.64907924
2021-08-23,0.06698223,0.07538677,0.0611141,0.06679829,131100.46492697
2021-08-24,0.04211942,0.04870386,0.02915774,0.03851017,105152.70999289
2021-08-25,0.06311369,0.06814432,0.05808252,0.06340715,47127.63058311
2021-08-26,0.08279604,0.09118746,0.06778129,0.07953001,130861.96838185
2021-08-27,0.06250787,0.07333443,0.06226529,0.06245895,179146.07821244
2021-08-28,0.02100886,0.03497921,0.02015417,0.03391671,214141.52636524
2021-08-29,0.04498035,0.0476271,0.0381475,0.04611764,83882.30852995
2021-08-30,0.08502388,0.09269493,0.07965566,0.08998941,151482.67324967
2021-08-31,0.09288372,0.09426022,0.08896269,0.09228168,115632.96339793
2021-09-01,0.08035921,0.08500104,0.07083142,0.07844024,118290.2149693
2021-09-02,0.06227003,0.07185457,0.05666183,0.06136623,128952.06547112
2021-09-03,0.04675594,0.049993,0.03729462,0.04332568,35903.40657662
2021-09-04,0.07859799,0.08792565,0.07042225,0.08525768,69931.75584154
2021-09-05,0.06332763,0.06533196,0.05392755,0.06295635,239926.69813947
2021-09-06,0.01801967,0.03268932,0.01692874,0.02526462,126681.75878598
2021-09-07,0.07089878,0.07522902,0.06215387,0.06743953,103396.02495897
2021-09-08,0.08837066,0.09686643,0.08490557,0.09084723,156379.40944407
2021-09-09,0.06097593,0.06374691,0.05358669,0.06178825,234842.5450043
2021-09-10,0.07382767,0.08134187,0.06238203,0.07016599,168201.40508155
2021-09-11,0.07401973,0.07922623,0.06762145,0.06969969,151430.90126736
2021-09-12,0.02780825,0.03407787,0.01910031,0.02783775,159076.63664383
2021-09-13,0.08431768,0.08624994,0.08355182,0.08432037,91815.93731176
2021-09-14,0.04175468,0.04613184,0.0318752,0.03858614,154405.88578989
2021-09-15,0.09224256,0.09530655,0.08276455,0.0869416,118030.28479352
2021-09-16,0.03716197,0.04572835,0.02880517,0.03378588,120408.46689306
2021-09-17,0.07645693,0.09371417,0.07102708,0.08818174,115748.57672847
2021-09-18,0.09920032,0.10341685,0.08960673,0.09434664,126718.56218708
2021-09-19,0.04988327,0.06556412,0.04179927,0.05642427,197889.97986837
2021-09-20,0.05533569,0.06627619,0.03936729,0.04493146,95746.7608716
2021-09-21,0.05173384,0.0539948,0.04474373,0.0496411,215318.68258721
2021-09-22,0.04701338,0.05671351,0.035696,0.03698474,65181.52234518
2021-09-23,0.05644857,0.06581313,0.05370501,0.06160429,136277.87668788
2021-09-24,0.0978984,0.10766216,0.09736723,0.10348137,188294.25151452
2021-09-25,0.07277304,0.07839356,0.05918591,0.06306937,183016.34974535
2021-09-26,0.05090617,0.06350855,0.04643078,0.05760271,159978.90302033
2021-09-27,0.07283633,0.08165266,0.06262324,0.07538793,83532.02821649
2021-09-28,0.10156479,0.10547893,0.08928313,0.10277881,159301.29798751
2021-09-29,0.09967785,0.09971963,0.09022742,0.09558988,118480.81441976
2021-09-30,0.03263892,0.04680435,0.02586816,0.04149748,173440.09111417
2021-10-01,0.0583757,0.0644077,0.05504118,0.06236828,88016.68781276
2021-10-02,0.06445643,0.06688291,0.06015258,0.06457087,104380.7976907
2021-10-03,0.07123387,0.07676825,0.06228198,0.06869843,50879.12534353
2021-10-04,0.06274916,0.06967265,0.06115947,0.06136546,159550.69522908
2021-10-05,0.09232627,0.09793505,0.0859749,0.09321932,164827.09103745
2021-10-06,0.08309724,0.08855473,0.0800825,0.08273517,139773.72831827
2021-10-07,0.09343553,0.09895069,0.08991004,0.09445638,197231.15294644
2021-10-08,0.05700438,0.05919346,0.05062521,0.05245187,162356.36772565
2021-10-09,0.07378835,0.08197596,0.06853805,0.07230056,176579.61557364
2021-10-10,0.05794799,0.06484537,0.04504258,0.05165214,161272.70947859
2021-10-11,0.05265115,0.06079335,0.0477087,0.05428801,157424.6797483
2021-10-12,0.0438606,0.04678482,0.04120514,0.04295513,140718.87662883
2021-10-13,0.0366658,0.04422184,0.02833326,0.03317295,90373.06952689
2021-10-14,0.05079155,0.05381837,0.04525012,0.05154717,189865.9214388
2021-10-15,0.06189615,0.06991406,0.05584422,0.06436816,215649.10511195
2021-10-16,0.06767672,0.07474171,0.06213088,0.07112551,243372.02249982
2021-10-17,0.05924099,0.0668933,0.05795199,0.06450362,169787.63986086
2021-10-18,0.03766657,0.04476216,0.03602054,0.04383412,184104.86861627
2021-10-19,0.03623683,0.05051983,0.03226034,0.04498504,175931.40081122
2021-10-20,0.08613234,0.08728155,0.08150374,0.08617483,180015.568809
2021-10-21,0.05266806,0.06816321,0.0489138,0.05985537,125446.19925511
2021-10-22,0.07713827,0.08292913,0.06798559,0.07198591,190928.00071594
2021-10-23,0.1216976,0.12871621,0.11312551,0.11475867,375123.52458392
2021-10-24,0.04613754,0.05089688,0.03625686,0.04799655,175214.40452855
2021-10-25,0.04491665,0.05155737,0.03953416,0.04357871,76788.61264113
2021-10-26,0.05558781,0.06284025,0.05214754,0.05777206,194113.22425467
2021-10-27,0.04476836,0.05620711,0.03572169,0.05342529,115610.62157096
2021-10-28,0.12184936,0.12335608,0.1168948,0.11939194,164602.34828363
2021-10-29,0.06104728,0.06307461,0.04213156,0.04917439,237607.79341561
2021-10-30,0.06571547,0.07487558,0.05962882,0.07069478,202545.12557169
2021-10-31,0.06716353,0.07929161,0.0641836,0.07416464,19005.84975448
2021-11-01,0.05206836,0.06599117,0.04123587,0.05923061,261525.21940562
2021-11-02,0.05953219,0.06893551,0.05134833,0.06186916,124875.68480642
2021-11-03,0.08166678,0.08634443,0.06708809,0.07063213,157194.8390325
2021-11-04,0.0801222,0.0894852,0.07862128,0.08523041,133304.18678997
2021-11-05,0.11503498,0.11975735,0.10912571,0.11132637,131315.52243125
2021-11-06,0.09214563,0.10430532,0.09126654,0.09495406,132597.22240289
2021-11-07,0.09890701,0.11751144,0.09835288,0.1089462,144595.20917604
2021-11-08,0.0749132,0.07937683,0.0700383,0.07079173,116039.02238197
2021-11-09,0.07066576,0.07946924,0.06922428,0.07513184,125923.62196369
2021-11-10,0.05883024,0.0655745,0.04831134,0.05761013,110614.88728702
2021-11-11,0.06857586,0.0726911,0.0634931,0.06833713,56269.27625831
2021-11-12,0.07770762,0.0844127,0.077472,0.08228358,219660.09783968
2021-11-13,0.07793528,0.08375219,0.07207774,0.07218782,84978.21414631
2021-11-14,0.08648174,0.09203912,0.08201988,0.09031015,139381.97023462
2021-11-15,0.05343495,0.0586302,0.05066498,0.05506568,180159.81161718
2021-11-16,0.06574925,0.06729888,0.05896585,0.05922705,221257.4366392
2021-11-17,0.04072409,0.05069697,0.03671303,0.04390496,50671.68186545
2021-11-18,0.07854667,0.08836985,0.07178073,0.07951828,332142.85788669
2021-11-19,0.04288284,0.04479125,0.03441859,0.04299121,199310.27866521
2021-11-20,0.0872547,0.09390591,0.08616566,0.09114136,252570.00851453
2021-11-21,0.08507221,0.09417706,0.07781946,0.08637651,208515.85168425
2021-11-22,0.04032371,0.04947922,0.03425745,0.04389289,207434.09180696
2021-11-23,0.05697849,0.06859455,0.04926667,0.05634244,202233.77304645
2021-11-24,0.08012106,0.09053303,0.07096299,0.07628292,223438.70428964
2021-11-25,0.06226588,0.06997853,0.0565714,0.05931539,215887.45191293
2021-11-26,0.05943857,0.06846119,0.0486426,0.06346477,168549.17718437
2021-11-27,0.09217792,0.1010694,0.09070759,0.09583691,115733.61759965
2021-11-28,0.09379355,0.10333943,0.0894008,0.09398554,138123.84435165
2021-11-29,0.09971479,0.10339858,0.09081096,0.10295787,174851.27255657
2021-11-30,0.03449451,0.03828315,0.02403734,0.03427186,106260.5152069
2021-12-01,0.06155991,0.06794974,0.0586614,0.06611191,63844.53153083
2021-12-02,0.04922191,0.057763,0.04890094,0.05725484,118730.46394436
2021-12-03,0.05822418,0.07079134,0.05336841,0.06435653,124081.44284947
2021-12-04,0.07686675,0.08258619,0.06247622,0.06890235,5162.39663258
2021-12-05,0.05440361,0.06898003,0.04828368,0.06525864,109542.13397415
2021-12-06,0.08374328,0.09558444,0.08340411,0.08885703,134298.7049215
2021-12-07,0.08971211,0.09433032,0.07621337,0.08703251,125134.80978107
2021-12-08,0.05597042,0.08007476,0.05207741,0.06976796,79439.07025698
2021-12-09,0.11153501,0.11685999,0.10466224,0.10535748,175138.56305571
2021-12-10,0.06080921,0.07479319,0.05941143,0.06666307,184029.79544202
2021-12-11,0.09868458,0.1046601,0.08725424,0.08842953,99832.74074576
2021-12-12,0.0824651,0.09040755,0.07980825,0.08068728,130203.018768
2021-12-13,0.10666252,0.11724559,0.09511333,0.09894267,215856.31539639
2021-12-14,0.11992157,0.12709263,0.10644783,0.11393122,102606.9413039
2021-12-15,0.05581773,0.05977653,0.04598789,0.05090349,115276.79688514
2021-12-16,0.07330561,0.07524003,0.06693636,0.07214186,164763.29251374
2021-12-17,0.07488626,0.08596427,0.06426835,0.07860441,113925.42241161
2021-12-18,0.10943861,0.11239837,0.10227587,0.10499229,111849.58172488
2021-12-19,0.09703242,0.10345561,0.08918114,0.09608998,96064.99710946
2021-12-20,0.05956062,0.07016425,0.05491793,0.06567506,160272.31961998
2021-12-21,0.07074404,0.07849537,0.05657186,0.06621142,192678.47372382
2021-12-22,0.08798144,0.0948107,0.08157476,0.08461932,227363.1205027
2021-12-23,0.12531574,0.13042142,0.10945816,0.11543097,174981.53343129
2021-12-24,0.08425765,0.08889411,0.07674256,0.08116121,255538.9301392
2021-12-25,0.084993,0.09263906,0.07920695,0.08465795,167497.33543256
2021-12-26,0.07414179,0.08515095,0.07255244,0.08024387,162609.07354145
2021-12-27,0.06262145,0.06986915,0.05219662,0.0580379,143991.96733864
2021-12-28,0.08031922,0.09185375,0.07576542,0.09014421,170715.56601255
2021-12-29,0.07535873,0.08578212,0.07171983,0.08038178,85884.17739617
2021-12-30,0.08766136,0.0973007,0.08066476,0.08871125,194080.28003079
2021-12-31,0.08448017,0.09089918,0.08389364,0.08870606,322740.74985382
2022-01-01,0.05978619,0.06475418,0.05562948,0.06083535,114956.96961921
2022-01-02,0.04021789,0.04603685,0.03559823,0.04520886,108948.03567889
2022-01-03,0.07006307,0.07331471,0.06118739,0.06898367,126829.21282146
2022-01-04,0.08075544,0.09435254,0.07697099,0.08738192,174525.48499742
2022-01-05,0.08876319,0.09528273,0.08491908,0.08963041,230766.58502048
2022-01-06,0.10428007,0.10573965,0.10016552,0.1018676,110168.3058371
2022-01-07,0.08067336,0.08298375,0.06990206,0.07843328,150215.68956245
2022-01-08,0.04085262,0.04598477,0.03810781,0.04322921,117052.32903282
2022-01-09,0.06980189,0.07524585,0.06658309,0.07142816,240149.81472281
2022-01-10,0.10237672,0.11684762,0.10224082,0.10808592,101123.26981698
2022-01-11,0.10324548,0.12116761,0.10200596,0.11444325,141359.99251183
2022-01-12,0.08897286,0.09154105,0.07569389,0.08048684,187621.18893511
2022-01-13,0.07509653,0.08402927,0.069816,0.07920687,203043.32603454
2022-01-14,0.06328724,0.07150172,0.05878874,0.06553289,138883.18614111
2022-01-15,0.08072619,0.08680632,0.074404,0.08420539,84293.9944325
2022-01-16,0.10909117,0.11026155,0.10215557,0.10800465,160036.71594514
2022-01-17,0.10588596,0.1097867,0.097215,0.10009171,113641.10736674
2022-01-18,0.06164602,0.07123174,0.05660022,0.06537823,120518.57956602
2022-01-19,0.07212583,0.07562103,0.06850687,0.0703864,140899.50854363
2022-01-20,0.07466295,0.08749469,0.06712491,0.08001316,152453.62107063
2022-01-21,0.09071189,0.09561912,0.08040147,0.08807535,249360.50908197
2022-01-22,0.08941719,0.09703755,0.08323005,0.08721592,82301.72896849
2022-01-23,0.09603377,0.1142441,0.08842247,0.10387759,161261.47017062
2022-01-24,0.0956878,0.09784912,0.08541159,0.08693101,114111.84451727
2022-01-25,0.07579231,0.08628624,0.07038448,0.08082466,101168.57112073
2022-01-26,0.1113128,0.119443,0.10518444,0.11827317,137551.02694532
2022-01-27,0.09162332,0.09661815,0.08855995,0.09471817,108984.28157784
2022-01-28,0.09461528,0.10429936,0.08785105,0.09701507,212435.77993803
2022-01-29,0.10860281,0.11591237,0.10123113,0.10468105,134286.95149558
2022-01-30,0.05167439,0.05465309,0.044011,0.05021564,181649.04471484
2022-01-31,0.05485862,0.06387978,0.05141142,0.05992782,160021.21104813
2022-02-01,0.06424863,0.06431409,0.06254741,0.06401274,192999.81837573
2022-02-02,0.05836687,0.06191437,0.05759348,0.06116646,126068.60641824
2022-02-03,0.08413461,0.09048315,0.07500503,0.07922167,195461.01183964
2022-02-04,0.11196333,0.11574438,0.10185103,0.10990684,256111.29756637
2022-02-05,0.10979134,0.11757114,0.09339138,0.10093796,84588.81090494
2022-02-06,0.06536038,0.06561617,0.06213924,0.0656078,202040.24365207
2022-02-07,0.07739315,0.0783394,0.07120811,0.07472719,211406.42576504
2022-02-08,0.09380348,0.10391765,0.08346166,0.09235207,97388.58580814
2022-02-09,0.11161509,0.11963854,0.10656945,0.11469131,214382.41481241
2022-02-10,0.06815882,0.07473086,0.05846498,0.06589952,137376.85216039
2022-02-11,0.10514689,0.11714579,0.09909017,0.10870461,65995.02604723
2022-02-12,0.09784281,0.10177584,0.09415505,0.09694629,135588.42259062
2022-02-13,0.06854985,0.07016501,0.0570801,0.06009625,218693.94288351
2022-02-14,0.10439276,0.11394289,0.09672796,0.10079153,87210.30455767
2022-02-15,0.11010917,0.1141285,0.10492452,0.10612778,224349.03309474
2022-02-16,0.09404352,0.10825075,0.09336645,0.10091089,121042.17352078
2022-02-17,0.06389012,0.06957934,0.06073005,0.06707927,193455.83772282
2022-02-18,0.09873245,0.10700948,0.0917069,0.09558879,154793.68099525
2022-02-19,0.10914523,0.11684246,0.09146689,0.10061154,211137.88346752
2022-02-20,0.10222196,0.11878789,0.09658319,0.11114531,153252.86246372
2022-02-21,0.07748004,0.08585495,0.06996011,0.07960641,60132.86370401
2022-02-22,0.09186168,0.0968127,0.08568381,0.09466511,130276.93008629
2022-02-23,0.07342798,0.08311771,0.06845809,0.07727381,84501.57738248
2022-02-24,0.07287358,0.08000155,0.07102272,0.07378611,179286.39557577
2022-02-25,0.08791624,0.09009323,0.0716479,0.07427752,161640.20249122
2022-02-26,0.07699963,0.08740388,0.06902433,0.07286147,160366.26247287
2022-02-27,0.08070527,0.09000061,0.07302253,0.08070541,95746.50398977
2022-02-28,0.12794052,0.13439962,0.11910786,0.12213021,153942.45238413
2022-03-01,0.07779235,0.08184294,0.07374943,0.07545432,205572.18337664
2022-03-02,0.10073663,0.10532809,0.08977881,0.09534421,216919.5686692
2022-03-03,0.10086262,0.11550579,0.09492961,0.09942261,160151.1449867
2022-03-04,0.12247372,0.12837577,0.12176992,0.12649876,182019.74756072
2022-03-05,0.10818975,0.10912907,0.09646473,0.10448231,221835.9528836
2022-03-06,0.09033782,0.09736461,0.08407356,0.09017499,188518.1799026
2022-03-07,0.0696779,0.07191359,0.06278407,0.07055101,181812.9877366
2022-03-08,0.09193194,0.09226239,0.08287416,0.09044794,121963.73580469
2022-03-09,0.10073363,0.10346413,0.08656508,0.09515678,157444.51857072
2022-03-10,0.09607131,0.09733023,0.08650876,0.09329108,153690.56752232
2022-03-11,0.11252029,0.11751438,0.10641138,0.11360433,146437.93244855
2022-03-12,0.06858114,0.07835382,0.06386045,0.06955093,97772.40235394
2022-03-13,0.09823334,0.10886136,0.09324579,0.10750056,160855.51385186
2022-03-14,0.09327741,0.10228982,0.09247361,0.09774132,163173.73864086
2022-03-15,0.06043226,0.06696321,0.06016238,0.06117847,118649.82446934
2022-03-16,0.11714413,0.11763225,0.10337953,0.10939929,75843.03751707
2022-03-17,0.07486309,0.08186764,0.0642953,0.06688272,163141.66012979
2022-03-18,0.10768478,0.11942662,0.09996098,0.10677832,29578.89722573
2022-03-19,0.08460403,0.09267447,0.07956363,0.08828691,110931.4244419
2022-03-20,0.0793611,0.08615313,0.06955629,0.07254407,190778.97920604
2022-03-21,0.11423409,0.11606815,0.10055791,0.10789755,113532.69932958
2022-03-22,0.1166841,0.11946169,0.11157804,0.11764635,42950.248679
2022-03-23,0.09006302,0.09415006,0.08952378,0.09035398,83056.26556688
2022-03-24,0.07671613,0.08682217,0.06958887,0.07795667,121668.28599062
2022-03-25,0.11363724,0.12753261,0.10916294,0.12047755,164179.48743868
2022-03-26,0.10452288,0.11532423,0.09955081,0.10792076,294707.93412521
2022-03-27,0.09556368,0.10250495,0.08774019,0.08921781,231637.33435408
2022-03-28,0.06308635,0.08180628,0.05487949,0.07424633,153121.53786376
2022-03-29,0.09830408,0.10543968,0.08735327,0.09038567,193891.97877816
2022-03-30,0.0680969,0.07273835,0.06649685,0.07089174,79362.44715267
2022-03-31,0.11486654,0.12370555,0.11334946,0.12035565,201936.43299744
2022-04-01,0.09853829,0.10322123,0.09459764,0.09608456,91563.43226438
2022-04-02,0.11267041,0.12028065,0.10818262,0.11295744,216606.52414131
2022-04-03,0.09734858,0.10081631,0.08139948,0.08648429,189622.65773985
2022-04-04,0.08336294,0.08642729,0.07013194,0.07899925,197592.37540409
2022-04-05,0.10295843,0.11094769,0.0970587,0.1065794,27999.43556737
2022-04-06,0.09047357,0.09166903,0.07694627,0.0857832,112301.0887178
2022-04-07,0.09769652,0.10988797,0.09130834,0.10343484,218182.43745693
2022-04-08,0.13047023,0.13609699,0.1228811,0.12420261,229425.90502686
2022-04-09,0.06899648,0.07840136,0.06266581,0.07119003,245583.92301749
2022-04-10,0.08889283,0.10151739,0.08337065,0.09734317,128963.45835389
2022-04-11,0.12458677,0.12651729,0.1181864,0.12582483,81138.88698606
2022-04-12,0.13307559,0.13386574,0.12348694,0.13172512,292154.7928895
2022-04-13,0.06231304,0.06876512,0.05227063,0.05779767,170599.70520762
2022-04-14,0.104403,0.11710099,0.10345157,0.10786802,267513.80221679
2022-04-15,0.12280488,0.13371936,0.1135453,0.12873556,120540.33398971
2022-04-16,0.09307327,0.10358758,0.08989632,0.09508516,149410.4643291
2022-04-17,0.10825115,0.11168987,0.1072758,0.10928916,58904.61368366
2022-04-18,0.06643753,0.07785965,0.06053689,0.07504028,153245.72212894
2022-04-19,0.07716513,0.08427505,0.07632882,0.08225522,75847.34533502
2022-04-20,0.10620357,0.11827858,0.10305773,0.11322663,295676.66920667
2022-04-21,0.06411885,0.0681176,0.06046574,0.06315235,168912.77725753
2022-04-22,0.09700959,0.10863295,0.09084208,0.10235412,228568.18339467
2022-04-23,0.09454674,0.09895629,0.08626648,0.08719452,181385.74804347
2022-04-24,0.0935019,0.10571337,0.08991678,0.09791365,211013.13646201
2022-04-25,0.10179456,0.10883299,0.09162345,0.09804295,88077.39424965
2022-04-26,0.11835155,0.12935833,0.11180673,0.11824274,195067.57404147
2022-04-27,0.08267143,0.08999229,0.08118286,0.08470214,79783.35780515
2022-04-28,0.0975905,0.10358608,0.08923919,0.09797986,125979.75827114
2022-04-29,0.11319736,0.1183385,0.10742616,0.11392054,25936.30370823
2022-04-30,0.09859039,0.10399216,0.09792942,0.10178168,123426.53454198
2022-05-01,0.06740796,0.07169004,0.06301112,0.06305734,109588.50751616
2022-05-02,0.11288223,0.120013,0.10898978,0.11585665,142303.43372337
2022-05-03,0.06668645,0.07023947,0.05282511,0.06691375,137219.49720275
2022-05-04,0.0968905,0.1014224,0.08618808,0.09194811,97553.04200773
2022-05-05,0.12917831,0.13844273,0.12078124,0.13231668,131729.70455092
2022-05-06,0.10429323,0.11134128,0.09963095,0.10136066,160888.99379528
2022-05-07,0.07888092,0.0856626,0.07023299,0.08260777,245794.64004726
2022-05-08,0.15349297,0.1562515,0.15140142,0.15377572,246448.84733907
2022-05-09,0.06946578,0.07435243,0.05921579,0.07105062,89199.35406252
2022-05-10,0.13056973,0.13506942,0.11760647,0.12400296,57677.14011555
2022-05-11,0.09928192,0.10309581,0.09303579,0.10035706,171309.98500897
2022-05-12,0.06134383,0.07115734,0.05793138,0.06840521,131618.04624571
2022-05-13,0.07822247,0.0891813,0.07464821,0.08326176,143591.96379736
2022-05-14,0.10026816,0.10480534,0.09039754,0.09798216,156179.91168387
2022-05-15,0.12674337,0.12736194,0.11274197,0.12050796,256969.32890404
2022-05-16,0.08326886,0.0873566,0.07694636,0.08342821,181199.51237886
2022-05-17,0.09620717,0.09863713,0.08505935,0.08964439,211415.53701397
2022-05-18,0.1396873,0.14959746,0.13402717,0.14225058,55053.3804092
2022-05-19,0.07820572,0.08771962,0.07445608,0.08422957,151676.92762533
2022-05-20,0.13115111,0.1441103,0.12476901,0.12903873,197355.17528172
2022-05-21,0.11945743,0.12332128,0.10438883,0.1119246,247744.36542896
2022-05-22,0.08899726,0.09588454,0.0853016,0.08937162,97485.35601868
2022-05-23,0.1394458,0.15079633,0.13597108,0.14059405,137574.66494724
2022-05-24,0.11900359,0.12233709,0.11616332,0.12003369,166360.34150056
2022-05-25,0.09136048,0.09313234,0.08759451,0.09092014,139181.2945925
2022-05-26,0.08917318,0.0964906,0.08396162,0.09414111,239223.57153641
2022-05-27,0.07519563,0.08450808,0.06919226,0.07657693,144374.55709495
2022-05-28,0.09574903,0.10044584,0.09412333,0.09568272,107053.00612276
2022-05-29,0.07231199,0.07977994,0.06322141,0.06585671,198292.66587334
2022-05-30,0.15085757,0.16287078,0.14477005,0.15397295,135798.04680774
2022-05-31,0.08025367,0.08684856,0.07830634,0.0830333,181827.71227518
2022-06-01,0.10116462,0.10490694,0.08487358,0.0988684,50562.92185139
2022-06-02,0.09031939,0.10239479,0.08477062,0.08679336,259752.8937002
2022-06-03,0.09373231,0.09895849,0.07557547,0.08726547,256919.11604291
2022-06-04,0.10748163,0.10910915,0.08874398,0.09280312,258474.18824925
2022-06-05,0.08800667,0.09660532,0.08164921,0.09121343,173230.93861188
2022-06-06,0.09213113,0.09904341,0.08163469,0.09114666,169689.6292927
2022-06-07,0.08129462,0.08443284,0.07219544,0.08115253,49474.65020228
2022-06-08,0.11223132,0.12637447,0.10491783,0.1175583,163159.86851582
2022-06-09,0.11492953,0.12364126,0.11007841,0.11661393,193872.24041068
2022-06-10,0.09543223,0.11129722,0.08587975,0.10783819,237152.41293815
2022-06-11,0.10827899,0.11290342,0.10138731,0.10890916,184742.26346092
2022-06-12,0.09069611,0.0993948,0.08525245,0.08738786,138789.51995746
2022-06-13,0.12000627,0.12374466,0.11297854,0.11639251,122166.87912072
2022-06-14,0.11712298,0.12206473,0.11407005,0.11497738,84600.79128485
2022-06-15,0.11405528,0.12583979,0.11013767,0.12016072,113866.28963288
2022-06-16,0.11649149,0.12235794,0.10399673,0.10810973,61597.70442385
2022-06-17,0.12365556,0.13047769,0.10947418,0.11797204,178595.89067025
2022-06-18,0.08158854,0.08838789,0.07442551,0.08181329,120415.4135803
2022-06-19,0.10859235,0.11740623,0.09874728,0.106763,188779.09923438
2022-06-20,0.11097986,0.11780339,0.10625542,0.11610627,212495.00298455
2022-06-21,0.11904588,0.11954121,0.11562536,0.1162404,217193.0295921
2022-06-22,0.10122364,0.11543858,0.09544953,0.10779208,327087.85647046
2022-06-23,0.13536986,0.13991653,0.12793948,0.13363637,143840.86975136
2022-06-24,0.08464955,0.09047412,0.07674782,0.08001194,111868.6064919
2022-06-25,0.09726901,0.10213684,0.08290234,0.09236456,54508.82437809
2022-06-26,0.09291066,0.095945,0.08575109,0.08757519,118399.71584034
2022-06-27,0.09674258,0.10509708,0.0938067,0.09404594,132553.41034839
2022-06-28,0.11008979,0.11758956,0.10431928,0.10967882,115211.7985808
2022-06-29,0.07818403,0.09119424,0.0731408,0.08730758,205303.49286534
2022-06-30,0.11376011,0.11853067,0.09859162,0.10214159,172835.7157129
2022-07-01,0.09148185,0.09267414,0.08340903,0.09043731,154000.71935557
2022-07-02,0.11498546,0.11616419,0.11190728,0.11421142,243985.49478533
2022-07-03,0.11705715,0.12630671,0.11083402,0.12004347,267269.06780134
2022-07-04,0.13456589,0.13821833,0.12215898,0.13251005,143907.08087332
2022-07-05,0.08694308,0.09545712,0.08303534,0.09304431,195924.08898698
2022-07-06,0.13462512,0.14008405,0.12137529,0.12886977,285558.93455021
2022-07-07,0.13697777,0.13744585,0.12618876,0.12896336,104933.10265931
2022-07-08,0.0577368,0.06691415,0.05397436,0.05736841,161726.53385304
2022-07-09,0.09152088,0.09983545,0.09010821,0.09397952,220441.98186566
2022-07-10,0.07444811,0.07797366,0.06336951,0.07283694,195710.70551576
2022-07-11,0.05756847,0.07167638,0.05407515,0.06968045,138659.58356045
2022-07-12,0.11548804,0.11639007,0.11171842,0.11212006,165147.6877803
2022-07-13,0.10393018,0.10752156,0.09944981,0.10444705,239190.41421718
2022-07-14,0.07322513,0.08627758,0.06352291,0.07935278,137661.06556056
2022-07-15,0.07670978,0.09249701,0.07545784,0.08671538,280534.73553828
2022-07-16,0.16008479,0.16654118,0.15430702,0.15895328,218507.73967467
2022-07-17,0.1125281,0.12160931,0.10533277,0.11221132,277858.87703502
2022-07-18,0.07690974,0.08197593,0.0693844,0.07968765,120384.57883783
2022-07-19,0.11877746,0.12933938,0.10688647,0.1246224,248302.09328756
2022-07-20,0.07697956,0.08445862,0.07163685,0.07515663,83857.18171999
2022-07-21,0.12662267,0.13328029,0.12159269,0.12611854,289869.91094921
2022-07-22,0.09227349,0.10129814,0.08507826,0.09475348,67277.18215376
2022-07-23,0.13183748,0.14414727,0.12775856,0.13912807,107542.51134349
2022-07-24,0.12426308,0.13880599,0.12197137,0.13599834,202493.8444088
2022-07-25,0.14837061,0.15755647,0.14281961,0.14449327,159816.00702144
2022-07-26,0.08410087,0.09170971,0.078817,0.0859757,232545.22780647
2022-07-27,0.07003649,0.07477328,0.06995286,0.07421517,210346.76628814
2022-07-28,0.12537084,0.13392646,0.11238332,0.11758777,91823.01713444
2022-07-29,0.13046872,0.13532847,0.12891995,0.13392674,157311.42674804
2022-07-30,0.13981606,0.14848935,0.13427899,0.13955302,124413.07398845
2022-07-31,0.17792263,0.18351335,0.16631399,0.16881741,53458.23289843
2022-08-01,0.12129505,0.12897361,0.11532593,0.12257261,176176.57088654
2022-08-02,0.13911262,0.14194229,0.13485317,0.13754152,184987.61190212
2022-08-03,0.09700366,0.10414624,0.0885436,0.09341195,103114.60340185
2022-08-04,0.07385341,0.07959544,0.0687734,0.07947323,123462.74777047
2022-08-05,0.10110131,0.10648929,0.09159552,0.09673828,183487.00682894
2022-08-06,0.12801796,0.14315212,0.12759115,0.13603208,102336.98753776
2022-08-07,0.13915357,0.14614779,0.13015121,0.13569746,234778.59337596
2022-08-08,0.08326426,0.08993209,0.0721584,0.08479004,211592.99437052
2022-08-09,0.1327194,0.14827511,0.12630397,0.13652613,89644.53425275
2022-08-10,0.15568174,0.16521018,0.15138374,0.16281628,91174.81573306
2022-08-11,0.12798864,0.13332916,0.11592341,0.12660483,51961.84995779
2022-08-12,0.13941658,0.15292633,0.12870094,0.14353984,288093.18232544
2022-08-13,0.10673705,0.11853713,0.10189716,0.11255335,44229.03687632
2022-08-14,0.12661266,0.14055208,0.11871717,0.13122605,133119.7564774
2022-08-15,0.11617711,0.12101777,0.10188218,0.11738995,93828.18712512
2022-08-16,0.12288229,0.12672927,0.11481056,0.11792493,70253.93715539
2022-08-17,0.14437041,0.15078021,0.14033679,0.1408104,180214.97032073
2022-08-18,0.12113698,0.12369708,0.11630703,0.1228273,97749.47571717
2022-08-19,0.11919012,0.12317565,0.11122735,0.11887342,146036.96663048
2022-08-20,0.13009799,0.13812251,0.12589816,0.12800598,129281.70921212
2022-08-21,0.13678331,0.14516073,0.12877992,0.13601565,123319.19535778
2022-08-22,0.13405006,0.1432073,0.12348877,0.13533749,215495.67041469
2022-08-23,0.1559109,0.16702369,0.15170993,0.16366881,125982.56751403
2022-08-24,0.12363872,0.13379758,0.11568444,0.12547926,174808.40466658
2022-08-25,0.10067442,0.10769729,0.09187589,0.09793755,151800.42550854
2022-08-26,0.14359813,0.15023994,0.13659696,0.14634003,181847.4778845
2022-08-27,0.13411675,0.13659268,0.1328295,0.1355368,124039.63709455
2022-08-28,0.13844619,0.13889392,0.12788318,0.13448487,144766.4057761
2022-08-29,0.10889964,0.11469151,0.09046351,0.09794576,304051.52615625
2022-08-30,0.10533306,0.11678406,0.10425607,0.10731701,154437.94177748
2022-08-31,0.12486612,0.13108229,0.11775475,0.12001521,208334.77958479
2022-09-01,0.13089039,0.139082,0.12746781,0.13614541,81039.59531565
2022-09-02,0.13906807,0.14485379,0.13718134,0.14068728,126327.66863648
2022-09-03,0.15298593,0.15313374,0.14721361,0.14924449,188136.06091759
2022-09-04,0.10696833,0.11215305,0.10596154,0.10973453,155717.36237196
2022-09-05,0.11794494,0.12274482,0.11013856,0.11224305,191628.33006578
2022-09-06,0.14324427,0.14703068,0.13968117,0.14692295,69005.41119062
2022-09-07,0.14604515,0.15700079,0.13662459,0.15298387,202272.75166927
2022-09-08,0.10611448,0.11448531,0.10183495,0.1100298,239783.91323262
2022-09-09,0.11061139,0.12531856,0.10250179,0.11736124,136392.23830766
2022-09-10,0.13630479,0.1376844,0.13129178,0.13604856,81319.32261227
2022-09-11,0.10337998,0.114073,0.09782053,0.10807447,70819.23852609
2022-09-12,0.10249853,0.10890509,0.09728181,0.10251199,17592.32859778
2022-09-13,0.15566027,0.16541165,0.1401664,0.14679871,190319.1531805
2022-09-14,0.10907116,0.11067927,0.10276299,0.10812827,64218.4248484
2022-09-15,0.13129489,0.14036888,0.12574717,0.13306767,122426.43922683
2022-09-16,0.13251465,0.14258711,0.12912728,0.13838167,194638.34526706
2022-09-17,0.12150645,0.12808286,0.11811801,0.12015636,94420.91083706
2022-09-18,0.12919916,0.13591692,0.11520448,0.12413678,136702.56767936
2022-09-19,0.12148432,0.12767629,0.11897563,0.12398331,117403.16439408
2022-09-20,0.11505408,0.12339157,0.11459818,0.11831185,175676.02799328
2022-09-21,0.128053,0.13166251,0.12234652,0.12582186,208941.65627102
2022-09-22,0.12926692,0.13004857,0.11507626,0.11933417,82357.58558622
2022-09-23,0.10289091,0.11039867,0.09554238,0.10684087,81366.35711694
2022-09-24,0.12772307,0.13871093,0.11876364,0.13492751,177722.5673498
2022-09-25,0.13147492,0.13820285,0.12144037,0.12832439,234219.78216007
2022-09-26,0.10190752,0.10917303,0.09465859,0.10226122,183483.47463942
2022-09-27,0.14680757,0.15026339,0.13799041,0.14931255,149951.81751097
2022-09-28,0.11253841,0.11624158,0.10434099,0.11235961,203409.99351883
2022-09-29,0.13242386,0.13752168,0.12163998,0.12971951,8200.82464189
2022-09-30,0.10007281,0.10403203,0.09792436,0.10027246,187198.11354736
2022-10-01,0.10530702,0.11067989,0.09904712,0.10422021,100248.91214216
2022-10-02,0.12621076,0.13284133,0.11218756,0.12007608,145195.08108877
2022-10-03,0.08771291,0.09459322,0.07880839,0.09004525,218157.23239157
2022-10-04,0.12845669,0.13812467,0.12424188,0.13273933,135389.50457547
2022-10-05,0.10204302,0.10695349,0.09231035,0.0997235,62302.41792643
2022-10-06,0.12023718,0.12259703,0.09614307,0.10200582,176265.30693845
2022-10-07,0.1136913,0.11849444,0.09960482,0.10505326,259103.1800988
2022-10-08,0.10658987,0.11299153,0.10570781,0.10902807,166550.36810904
2022-10-09,0.13537768,0.14234517,0.12686412,0.13446108,170322.16845065
2022-10-10,0.12642477,0.12933478,0.11113362,0.12032269,138422.61765374
2022-10-11,0.14973185,0.15152624,0.13617587,0.14059909,125763.0983089
2022-10-12,0.15756817,0.17278934,0.15715188,0.15960228,170970.33287696
2022-10-13,0.12040547,0.12371004,0.11423312,0.11788002,40630.31775502
2022-10-14,0.12043144,0.12899204,0.11517083,0.12792105,142719.05042202
2022-10-15,0.13968524,0.15271393,0.13371774,0.14645089,131857.72908884
2022-10-16,0.10959244,0.11763986,0.10571371,0.1099879,200837.70095576
2022-10-17,0.12935994,0.13444035,0.11626259,0.12073596,53350.32280486
2022-10-18,0.09972705,0.1040447,0.09197677,0.0978206,108921.48611848
2022-10-19,0.12038792,0.12939199,0.11604241,0.12350639,261879.09585942
2022-10-20,0.11849917,0.12033569,0.10930112,0.11290512,99507.36778146
2022-10-21,0.15419588,0.1596074,0.14630757,0.15201093,84937.89890011
2022-10-22,0.1619756,0.1668727,0.14998818,0.15502796,188948.13305254
2022-10-23,0.12261525,0.12713772,0.11865292,0.12361613,121436.39226397
2022-10-24,0.14022831,0.1455847,0.13710878,0.14186979,60030.19748664
2022-10-25,0.16117086,0.16877036,0.15521757,0.15862788,237432.03460205
2022-10-26,0.13774299,0.14270287,0.1256138,0.13047981,118322.72853009
2022-10-27,0.13040193,0.13988002,0.11965787,0.12927701,155396.81052278
2022-10-28,0.1386713,0.15584868,0.13292217,0.15225956,203227.29832377
2022-10-29,0.13621205,0.14010783,0.13361135,0.13649232,264117.62536914
2022-10-30,0.15716522,0.16219704,0.14722974,0.15062633,183281.65079373
2022-10-31,0.12720051,0.13276633,0.12409936,0.1278409,97715.07632569
2022-11-01,0.11670965,0.13043151,0.109194,0.12363676,103827.66092545
2022-11-02,0.09405566,0.09977096,0.08702624,0.09208776,69934.31455714
2022-11-03,0.09899087,0.10334165,0.08391987,0.09043307,145755.01303762
2022-11-04,0.13081887,0.14087307,0.12988496,0.1372102,84770.8258436
2022-11-05,0.10587776,0.11852691,0.10301043,0.11491051,78827.10603915
2022-11-06,0.12652894,0.12907472,0.11549303,0.12658564,193092.44482098
2022-11-07,0.15018515,0.15950787,0.14288842,0.15182707,88889.57875202
2022-11-08,0.13047737,0.13424372,0.10944068,0.11590126,137123.90279474
2022-11-09,0.14135198,0.14830903,0.13294896,0.14632491,161911.94579627
2022-11-10,0.08041314,0.08486724,0.07316407,0.08029607,169263.24638873
2022-11-11,0.13728125,0.14315266,0.1353018,0.13684393,101106.01672212
2022-11-12,0.10639951,0.12047007,0.09816676,0.11310531,186839.72471809
2022-11-13,0.11559275,0.12195877,0.10725406,0.11827839,181597.66995957
2022-11-14,0.16038486,0.16955584,0.1591669,0.16523275,64965.49313544
2022-11-15,0.12582233,0.13096241,0.1254265,0.12750086,161806.18750052
2022-11-16,0.12965451,0.13630602,0.12401541,0.12508018,173741.5125544
2022-11-17,0.12659426,0.13150549,0.11544227,0.11893173,125607.53014527
2022-11-18,0.10741494,0.118773,0.10085327,0.10104266,134892.42219269
2022-11-19,0.12603265,0.13765664,0.11729033,0.12900403,135279.38542149
2022-11-20,0.17295313,0.17722742,0.16694987,0.17278928,105238.02605946
2022-11-21,0.16366099,0.16759615,0.15613437,0.16057781,95533.67158123
2022-11-22,0.13044866,0.14192636,0.12700028,0.13691685,184023.35071145
2022-11-23,0.15660424,0.16123653,0.14979842,0.15266955,132020.27278915
2022-11-24,0.13407663,0.13737211,0.12953888,0.13163704,160405.6004374
2022-11-25,0.16865888,0.17603848,0.15726805,0.15929726,234515.58424755
2022-11-26,0.11150666,0.12164235,0.11064764,0.11535952,198100.81115142
2022-11-27,0.13334727,0.13587698,0.12381238,0.13135166,180787.41694771
2022-11-28,0.1300356,0.13301646,0.11922226,0.12530919,143547.73999974
2022-11-29,0.11771335,0.12421275,0.11403819,0.1168273,142828.40969868
2022-11-30,0.13401485,0.14269517,0.12844224,0.13205039,229015.07240278
2022-12-01,0.10844975,0.10860858,0.10173053,0.10694586,193335.2565737
2022-12-02,0.17388798,0.17664304,0.16556171,0.1736412,152469.43420934
2022-12-03,0.13988518,0.14816343,0.1351037,0.13530009,153092.99933474
2022-12-04,0.12780908,0.13328523,0.12300962,0.13315693,122176.06977378
2022-12-05,0.11845556,0.12308933,0.11340277,0.1191424,244607.46129828
2022-12-06,0.14258715,0.15131945,0.12528255,0.1331853,106289.7409718
2022-12-07,0.12347207,0.13431831,0.11867325,0.12807069,176501.88856217
2022-12-08,0.14098063,0.1449099,0.13806037,0.1401414,123498.88719558
2022-12-09,0.14775534,0.15339468,0.14015191,0.14857475,179254.57974788
2022-12-10,0.10449572,0.1072839,0.09965827,0.10489778,173416.26880432
2022-12-11,0.15305267,0.15655022,0.14061858,0.14473375,184441.67955685
2022-12-12,0.14877957,0.16099684,0.14178313,0.15393669,140978.60072599
2022-12-13,0.13288969,0.1391712,0.12302434,0.12922645,106092.41497937
2022-12-14,0.10008392,0.10474064,0.09370948,0.10055394,104129.22166997
2022-12-15,0.14989351,0.15267312,0.14001037,0.14784546,129425.01053424
2022-12-16,0.12262799,0.12758385,0.11908881,0.12137365,187208.35472633
2022-12-17,0.13148038,0.13553335,0.12520113,0.13527145,155941.42814323
2022-12-18,0.14487784,0.14734968,0.1291861,0.13799372,231827.93767052
2022-12-19,0.12122943,0.12379355,0.11428358,0.11615606,143916.267172
2022-12-20,0.17427046,0.17942001,0.16480509,0.17246212,112650.13797779
2022-12-21,0.173864,0.18015163,0.1633757,0.1660109,214320.92852309
2022-12-22,0.14532428,0.15373398,0.13579666,0.14210596,95847.74801399
2022-12-23,0.16756642,0.17353889,0.15932477,0.16617006,168703.97940133
2022-12-24,0.15246141,0.15692864,0.14812467,0.15147412,119320.47980178
2022-12-25,0.1358505,0.13983982,0.12623654,0.13090331,143936.2716385
2022-12-26,0.15074044,0.16166378,0.14667472,0.14749553,136323.0218269
2022-12-27,0.14000454,0.15865417,0.13535287,0.14843015,102360.12390345
2022-12-28,0.14554627,0.16217303,0.14352077,0.15653631,149105.36649038
2022-12-29,0.14871654,0.15495052,0.13349471,0.14475388,153718.62957779
2022-12-30,0.13671628,0.14152037,0.12433105,0.13058569,86236.47557691
2022-12-31,0.14626678,0.15033592,0.14323582,0.14664062,204189.08228303
2023-01-01,0.11263973,0.12110209,0.0907845,0.09689391,264022.44828394
2023-01-02,0.13889706,0.15145314,0.13880517,0.1433719,186003.9259107
2023-01-03,0.16466715,0.16531353,0.15637697,0.16199232,142614.74042008
2023-01-04,0.11177771,0.1247811,0.10827991,0.1233376,217533.20871567
2023-01-05,0.19768038,0.2003156,0.18965954,0.19339643,214931.21984207
2023-01-06,0.15271525,0.15842953,0.14216278,0.15076066,284156.69148084
2023-01-07,0.13962231,0.14613557,0.13521488,0.13882841,18442.31903568
2023-01-08,0.14499459,0.1576123,0.13944731,0.14866249,239845.45341376
2023-01-09,0.12744417,0.12754928,0.11397522,0.12178822,135765.24571922
2023-01-10,0.15604897,0.16488693,0.14954107,0.15783954,172989.30161811
2023-01-11,0.15649818,0.15981428,0.13888576,0.148096,128752.89695377
2023-01-12,0.17523153,0.17783656,0.16206483,0.16353293,159823.54603384
2023-01-13,0.12307926,0.12972387,0.11968063,0.12571166,235860.22438438
2023-01-14,0.16800032,0.17993673,0.15951712,0.16220481,193.11259949
2023-01-15,0.18157182,0.18640477,0.17991072,0.18031946,68898.2651174
2023-01-16,0.15312235,0.15529667,0.15094379,0.15383806,212947.89895644
2023-01-17,0.16679574,0.18029773,0.15764478,0.16572495,258615.90661284
2023-01-18,0.17112509,0.17210748,0.16676998,0.1669689,105519.02088897
2023-01-19,0.14562709,0.1517512,0.14068168,0.14562169,178665.68426676
2023-01-20,0.16039679,0.16453283,0.15749316,0.16035704,202333.00637403
2023-01-21,0.12074513,0.1328939,0.1129898,0.12529084,190797.94747768
2023-01-22,0.15449894,0.16428165,0.15114897,0.15996924,253790.75152598
2023-01-23,0.15711697,0.16586105,0.15099286,0.15833668,142953.77876379
2023-01-24,0.15480268,0.15937622,0.14930122,0.15054975,171274.95653373
2023-01-25,0.13035568,0.13877777,0.12610405,0.13608244,151629.89034527
2023-01-26,0.15168653,0.15909864,0.14780665,0.15274892,182739.58881137
2023-01-27,0.15257396,0.1618854,0.14557662,0.14972811,54404.38706714
2023-01-28,0.14430789,0.14938271,0.13430638,0.14026073,46640.52361556
2023-01-29,0.12798043,0.13531379,0.12253812,0.12528684,172020.65594374
2023-01-30,0.12213886,0.13311411,0.11648776,0.12790108,173783.33276684
2023-01-31,0.1652592,0.17310545,0.15295618,0.15687363,206381.32894804
2023-02-01,0.11357735,0.12173779,0.1060364,0.11307389,199694.44932368
2023-02-02,0.17707284,0.18816088,0.17235285,0.18077655,216880.00115298
2023-02-03,0.14899007,0.15863038,0.13818691,0.14507966,137411.04960888
2023-02-04,0.13205507,0.14363959,0.12311812,0.13552525,135341.1904871
2023-02-05,0.10367537,0.1131449,0.10151572,0.10684294,32490.2802265
2023-02-06,0.12409234,0.14026961,0.12029556,0.13429328,153616.03217983
2023-02-07,0.16472679,0.17071018,0.15981188,0.16926647,178137.77660882
2023-02-08,0.11305169,0.11885239,0.10796823,0.11489398,113070.27739376
2023-02-09,0.19559339,0.20246519,0.19204765,0.19690562,8586.37844802
2023-02-10,0.15562195,0.18047641,0.15458623,0.17140595,68464.70167639
2023-02-11,0.15274093,0.15869974,0.13733519,0.14176141,103936.04359863
2023-02-12,0.15525492,0.16424678,0.15436449,0.15710537,181706.51650443
2023-02-13,0.14380114,0.15250436,0.13924327,0.15060226,120809.44538086
2023-02-14,0.14302107,0.15254077,0.13167905,0.15019446,99457.39277135
2023-02-15,0.13513793,0.14018784,0.12651723,0.13602331,115669.68240363
2023-02-16,0.1575183,0.1691148,0.15316053,0.16179556,139514.28682173
2023-02-17,0.14582735,0.14724696,0.14098746,0.14307611,272233.55415139
2023-02-18,0.15332542,0.1620561,0.14850583,0.15512983,14915.69213579
2023-02-19,0.14776875,0.15442552,0.14509293,0.14837812,136772.92154737
2023-02-20,0.16739132,0.17185865,0.16129616,0.16814554,126350.00743381
2023-02-21,0.16593922,0.17290186,0.1630516,0.16681175,75132.13894214
2023-02-22,0.16130219,0.1682145,0.15278218,0.15999222,61844.32530439
2023-02-23,0.13812419,0.15471136,0.13638108,0.14815328,178038.39243709
2023-02-24,0.15773085,0.16535904,0.1490639,0.16042818,50766.13802553
2023-02-25,0.15952516,0.1673696,0.15888895,0.15893328,150212.19078895
2023-02-26,0.17509187,0.17778411,0.16413466,0.16829605,260484.74390204
2023-02-27,0.11773863,0.12349964,0.11221384,0.11796737,93945.22549788
2023-02-28,0.17024723,0.18069565,0.16318346,0.16580456,121098.35730702
2023-03-01,0.17767518,0.18264526,0.16818262,0.16859854,137035.15666804
2023-03-02,0.16950297,0.17784181,0.15533768,0.16611246,124120.89522336
2023-03-03,0.12286738,0.13351257,0.11481015,0.12888092,253630.91136108
2023-03-04,0.15157029,0.15617163,0.14281747,0.15149663,104279.5957219
2023-03-05,0.14478719,0.15009267,0.13436254,0.14517415,96481.68988711
2023-03-06,0.19325317,0.19906822,0.19023578,0.19652969,188923.72986253
2023-03-07,0.15290024,0.15542924,0.14727448,0.14729413,127743.93989123
2023-03-08,0.14597398,0.15800321,0.13936724,0.15332275,101600.5393502
2023-03-09,0.12592331,0.13596882,0.11955433,0.13139918,314853.33904115
2023-03-10,0.16502602,0.17172416,0.16035686,0.17133455,244319.25022376
2023-03-11,0.15868796,0.16932949,0.1495559,0.16132457,237704.42509643
2023-03-12,0.12919215,0.13034862,0.12442144,0.12700505,73283.7816567
2023-03-13,0.13606575,0.15057057,0.13110272,0.1432458,98132.27746532
2023-03-14,0.16599885,0.17203501,0.1550961,0.15834512,132968.73613154
2023-03-15,0.14319782,0.14684068,0.13933331,0.14670549,224563.25220182
2023-03-16,0.12274291,0.13712824,0.11443449,0.13239459,46654.28735811
2023-03-17,0.15494888,0.16155945,0.14622036,0.15289165,186488.29102965
2023-03-18,0.1206439,0.12977644,0.11322857,0.11756361,172285.18497517
2023-03-19,0.13562052,0.13876538,0.11915717,0.12910562,127203.44963515
2023-03-20,0.16043367,0.17373402,0.15951727,0.16310076,172159.10865216
2023-03-21,0.10208415,0.11878401,0.09436009,0.10810803,29367.54154522
2023-03-22,0.14662953,0.15643726,0.13607831,0.14972787,189233.64133873
2023-03-23,0.81151087,0.81323334,0.80186726,0.80897066,205265.75272903
2023-03-24,0.79082783,0.80339019,0.78520046,0.79404025,81760.92203054
2023-03-25,0.8092469,0.81634095,0.80446504,0.81153449,135043.41663088
2023-03-26,0.87879586,0.88824483,0.8745505,0.87463446,156668.40890945
2023-03-27,0.89635385,0.89931581,0.88999468,0.89272679,207601.12929324
2023-03-28,0.90260345,0.90807329,0.89471486,0.89936194,157228.78087178
2023-03-29,0.93544042,0.94208496,0.91773649,0.9269345,118248.18501528
2023-03-30,0.97567087,0.97968232,0.96863641,0.97726709,192750.40240907
2023-03-31,1.0244045,1.03213263,1.02166227,1.02600282,125440.3100593
2023-04-01,1.11448429,1.1216667,1.1019701,1.11821717,22417.6802583
2023-04-02,1.12446303,1.12823439,1.10897703,1.11547652,277179.42850589
2023-04-03,1.17426569,1.18345558,1.16949316,1.17722322,118504.35264882
2023-04-04,1.23372336,1.24676117,1.22621988,1.240364,140312.92305886
2023-04-05,1.29067539,1.29406068,1.28385586,1.28793147,145899.97853266
2023-04-06,1.36778093,1.37268585,1.36327337,1.36802703,126972.3297029
2023-04-07,1.35663668,1.3688133,1.353344,1.36123225,155541.08625531
2023-04-08,1.40113227,1.41137758,1.39194145,1.40777184,125125.09796481
2023-04-09,1.43239406,1.43852954,1.42670853,1.43453345,125301.05824582
2023-04-10,1.46772427,1.47625135,1.46179049,1.47017885,162701.05544609
2023-04-11,1.50113261,1.5102677,1.49473403,1.50162886,239270.12418803
2023-04-12,1.49795578,1.50090924,1.49154827,1.49659515,199081.66904616
2023-04-13,1.49974379,1.50482081,1.48253338,1.49228291,87071.81137201
2023-04-14,1.4851262,1.49563989,1.47819989,1.487608,145415.14589919
2023-04-15,1.46974117,1.47704912,1.46223395,1.46987536,146422.96158281
2023-04-16,1.44901774,1.45440555,1.44274978,1.4485074,122790.31438543
2023-04-17,1.46066743,1.47334881,1.45148644,1.4638114,206826.7945981
2023-04-18,1.43454963,1.43859957,1.42833965,1.43177044,109735.39177261
2023-04-19,1.36343408,1.37157002,1.35383665,1.37083709,210772.87773578
2023-04-20,1.32221113,1.32953401,1.31315499,1.31759438,61881.77905058
2023-04-21,1.28884042,1.28971177,1.28118255,1.28660944,121876.70702559
2023-04-22,1.20614881,1.21444229,1.20177406,1.20778866,80702.78313876
2023-04-23,1.17378367,1.17450633,1.16512728,1.17135467,203257.58045079
2023-04-24,1.10340421,1.10611122,1.1022156,1.10246582,181309.84164503
2023-04-25,1.05452642,1.05882208,1.04815948,1.05237841,159737.71029238
2023-04-26,1.00797433,1.01170266,1.00297612,1.00364293,158646.78034102
2023-04-27,0.92020707,0.9345866,0.91652284,0.93287694,102243.31443154
2023-04-28,0.88540682,0.89517945,0.87791857,0.88653005,150494.15748874
2023-04-29,0.89703305,0.90158903,0.88999767,0.89923502,84985.32208916
2023-04-30,0.85695904,0.86099916,0.85333322,0.8570874,218233.13505428
2023-05-01,0.79628764,0.80042193,0.79216691,0.79494265,152336.6169776
2023-05-02,1.18728808,1.19332291,1.17804356,1.1875878,113946.19281935
2023-05-03,1.16932454,1.18438839,1.16872372,1.17801753,187881.71593077
2023-05-04,1.14925105,1.1498846,1.14335833,1.1484304,199440.78125971
2023-05-05,1.15842728,1.16349411,1.14999097,1.15851353,194159.4191826
2023-05-06,1.11883109,1.12469064,1.11393804,1.12173024,80359.88609255
2023-05-07,1.07802066,1.08487085,1.07246138,1.0791122,215099.41536792
2023-05-08,1.08188229,1.08512079,1.0761448,1.08444807,143725.02450264
2023-05-09,1.0888909,1.09177024,1.08674978,1.08868369,244830.47204212
2023-05-10,1.10159101,1.1028875,1.09723389,1.10251183,184455.07024166
2023-05-11,1.08277499,1.09145562,1.07298291,1.07772927,121914.95100859
2023-05-12,1.05044408,1.0602251,1.04671653,1.05251145,49153.28838797
2023-05-13,1.05933186,1.06342495,1.05844134,1.05982652,220203.15061398
2023-05-14,1.04697682,1.05811655,1.04522802,1.05266123,68363.8182337
2023-05-15,0.98896183,0.99660158,0.98099468,0.98506516,146409.56555113
2023-05-16,1.04678273,1.05200545,1.0414001,1.05055971,182969.96402753
2023-05-17,0.99094989,1.00077868,0.98389487,0.99808032,192885.16687265
2023-05-18,0.95320174,0.96135932,0.94827808,0.95931477,282409.09762433
2023-05-19,0.97620483,0.97881339,0.96313836,0.9758943,113884.64656847
2023-05-20,0.96122841,0.96225532,0.95302103,0.96044732,149500.20202489
2023-05-21,0.94012729,0.94378844,0.93679395,0.94310633,13522.57167741
2023-05-22,0.93797607,0.943687,0.93472462,0.94045394,99481.25783189
2023-05-23,0.97108331,0.97557463,0.95545613,0.96388715,131610.04927173
2023-05-24,0.9190145,0.9302508,0.91216031,0.9231584,72571.68661343
2023-05-25,0.92009526,0.92497462,0.91517235,0.92268038,34869.63506978
2023-05-26,0.91081217,0.91711919,0.89977132,0.90136459,183202.25050945
2023-05-27,0.90107809,0.90592485,0.89607602,0.90268215,114456.15646398
2023-05-28,0.89232834,0.89977548,0.88752022,0.88863083,121896.60405061
2023-05-29,0.92473327,0.93084257,0.90592183,0.91575055,222491.17494889
2023-05-30,0.86285484,0.8776528,0.8617014,0.87283631,158182.48231993
2023-05-31,0.90386645,0.90651095,0.90113093,0.90262293,32222.81485629
2023-06-01,0.83030691,0.83787478,0.8175662,0.82217308,140821.92646492
2023-06-02,0.85217353,0.86140854,0.84600316,0.85223219,31053.68185731
2023-06-03,0.85820854,0.87163904,0.85736673,0.86785762,152421.52776706
2023-06-04,0.80839067,0.81714002,0.80094923,0.81527961,138856.49118379
2023-06-05,0.85476101,0.86047604,0.8412492,0.84795951,91830.83034371
2023-06-06,0.82179818,0.83420386,0.81407952,0.8275424,207950.11887995
2023-06-07,0.82819731,0.83276131,0.82040447,0.82372004,180123.30978839
2023-06-08,0.8453143,0.85250169,0.8325988,0.83429599,91313.13005566
2023-06-09,0.79006997,0.79177092,0.78059612,0.7896831,132509.53891683
2023-06-10,0.82570605,0.83173751,0.82305711,0.82494758,147990.6845488
2023-06-11,0.7999145,0.80579499,0.79287008,0.80042092,122066.5662475
2023-06-12,0.82440793,0.83432423,0.81782397,0.82276176,111439.22332854
2023-06-13,0.8166462,0.83870635,0.81139958,0.82925244,27466.22109017
2023-06-14,0.81159452,0.81911896,0.80220058,0.81685739,126786.11051808
2023-06-15,0.79193914,0.79972636,0.77790304,0.78189933,102631.06201236
2023-06-16,0.80411272,0.8061652,0.79504789,0.79622626,226473.00190185
2023-06-17,0.79486378,0.80143842,0.79053172,0.7943615,4555.1108152
2023-06-18,0.80214422,0.81366156,0.7912926,0.79593899,148279.79188386
2023-06-19,0.83112825,0.8370145,0.82721235,0.82814974,125018.97767063
2023-06-20,0.79870193,0.810174,0.78857639,0.80627214,134571.00192979
2023-06-21,0.76546779,0.77986944,0.76220096,0.7749033,97888.9855343
2023-06-22,0.81165235,0.81717609,0.80417685,0.81022832,76260.30553875
2023-06-23,0.79379577,0.8002651,0.78582705,0.79542657,106308.45401924
2023-06-24,0.80314734,0.80862269,0.79490454,0.79571042,131341.68361655
2023-06-25,0.78434038,0.79102241,0.78172831,0.7900252,273583.01728652
2023-06-26,0.84581044,0.85407327,0.83430673,0.83890209,174206.29147196
2023-06-27,0.81980203,0.82665511,0.81210098,0.8251424,76896.34186646
2023-06-28,0.83520158,0.84245979,0.82583328,0.83194107,77956.35892799
2023-06-29,0.84331095,0.84606962,0.84234469,0.84400227,177072.4619442
2023-06-30,0.79930743,0.81808782,0.79791155,0.80784407,124801.32402311
2023-07-01,0.84679626,0.84873834,0.84357014,0.84644516,198339.20877713
2023-07-02,0.84584214,0.84744568,0.84256323,0.84595787,201444.73673047
2023-07-03,0.83911362,0.84999598,0.83231765,0.84387127,170024.41488363
2023-07-04,0.85818432,0.86807123,0.84592629,0.85443619,56200.02053853
2023-07-05,0.92540831,0.93335857,0.91949513,0.93203632,144338.38803569
2023-07-06,0.89527699,0.90306853,0.88639921,0.88871878,154324.03746104
2023-07-07,0.91537541,0.92374877,0.9026585,0.91011085,192474.12699792
2023-07-08,0.88175654,0.89461461,0.87811863,0.88834743,224670.84638131
2023-07-09,0.88831382,0.89393546,0.8804129,0.89021976,195086.70267009
2023-07-10,0.91894837,0.92879266,0.91720029,0.91748828,194882.19967167
2023-07-11,0.95435637,0.96176387,0.94560674,0.948285,117657.58976123
2023-07-12,0.94691346,0.95426492,0.94642921,0.94985995,78453.27072347
2023-07-13,0.95161179,0.95646555,0.94717521,0.9537418,168083.45521378
2023-07-14,0.95288388,0.95814932,0.9477755,0.95202099,149318.9327045
2023-07-15,0.94765837,0.95067756,0.94615766,0.95016634,78776.92565202
2023-07-16,0.97646265,0.98143555,0.96535963,0.97081103,93453.36347908
2023-07-17,1.00408076,1.00881904,0.99307608,0.99560188,80047.51717928
2023-07-18,1.00165831,1.01350501,0.99969526,1.00636485,50632.9564006
2023-07-19,1.01564266,1.02892958,1.00753038,1.02211118,114431.22401338
2023-07-20,1.03518432,1.03878983,1.01842817,1.02822353,130286.5576577
2023-07-21,1.01745777,1.02313315,1.00856696,1.01697005,203184.87583244
2023-07-22,1.05816526,1.0637079,1.04750802,1.05488434,118877.58107167
2023-07-23,1.03876497,1.05183244,1.03029914,1.03772218,107999.04357137
2023-07-24,1.08982194,1.10338869,1.08362967,1.09914438,109605.77546224
2023-07-25,1.07049706,1.07471954,1.0678495,1.07134705,84946.73070235
2023-07-26,1.05918904,1.06871645,1.05116993,1.0640211,110196.22407701
2023-07-27,1.0910147,1.09258493,1.07770369,1.08298747,93817.26715774
2023-07-28,1.10676326,1.11314673,1.09601739,1.10483043,190125.69326463
2023-07-29,1.13736921,1.13927848,1.12561479,1.13424635,181959.95230117
2023-07-30,1.15586105,1.15642191,1.1512703,1.15286851,157937.01474385
2023-07-31,1.16068465,1.16600438,1.153363,1.15780946,225467.101388
2023-08-01,1.17738563,1.18597125,1.16486045,1.17365233,169061.35670599
2023-08-02,1.19415007,1.20236764,1.18097818,1.19282005,87306.33329672
2023-08-03,1.18268651,1.1882449,1.1710578,1.17476809,108352.44642669
2023-08-04,1.22274778,1.23377102,1.21521956,1.21994597,204094.71868361
2023-08-05,1.2383183,1.24732771,1.23250403,1.24548788,115646.02627073
2023-08-06,1.21170868,1.21956952,1.20942075,1.21501329,73215.3759126
2023-08-07,1.242606,1.25054261,1.23541603,1.24198188,175437.19465216
2023-08-08,1.25538243,1.26346136,1.24955784,1.25995672,206092.61139872
2023-08-09,1.26715888,1.27265991,1.26140929,1.26821877,80616.94127824
2023-08-10,1.28626069,1.29404782,1.27441893,1.28239923,209873.2211607
2023-08-11,1.23874892,1.23945933,1.23548064,1.23762255,142031.6083793
2023-08-12,1.31021565,1.31590995,1.29820301,1.30855988,164461.34901913
2023-08-13,1.26823454,1.27758513,1.26289885,1.27520392,57561.14971847
2023-08-14,1.31349642,1.31633637,1.30663956,1.31195195,180989.06273333
2023-08-15,1.30287608,1.30572593,1.29244951,1.29921206,237458.32679682
2023-08-16,1.32024929,1.33188277,1.31500612,1.32661663,98327.29199402
2023-08-17,1.30105019,1.31056339,1.29359653,1.30295832,221993.31062335
2023-08-18,1.34468183,1.34714337,1.32853631,1.33485875,135503.83781162
2023-08-19,1.3729755,1.37487925,1.36708871,1.37281424,82680.13959198
2023-08-20,1.3370147,1.34195376,1.32481612,1.33238289,97581.07877074
2023-08-21,1.38132897,1.38307768,1.3790161,1.38220558,66152.68559603
2023-08-22,1.33557806,1.34167503,1.32625316,1.33302559,105762.92632632
2023-08-23,1.3712081,1.3820998,1.36668438,1.37854847,115781.04303571
2023-08-24,1.3749936,1.38152065,1.36908304,1.3751073,207316.88812397
2023-08-25,1.37149774,1.37733017,1.36251089,1.36824016,158023.11219763
2023-08-26,1.34860525,1.3508593,1.33640717,1.33901783,130662.08566873
2023-08-27,1.36852781,1.37166871,1.35684984,1.35979839,100219.31530781
2023-08-28,1.40511193,1.41093018,1.3954553,1.39813273,229366.8419547
2023-08-29,1.39438168,1.40277772,1.38898766,1.39799377,164224.55707235
2023-08-30,1.39493728,1.4055257,1.38131657,1.3948177,160380.87489708
2023-08-31,1.37318125,1.38587179,1.37305344,1.3784324,139091.66939065
2023-09-01,1.4071004,1.41088643,1.39567873,1.40619204,197775.24955363
2023-09-02,1.39383189,1.39828004,1.38646438,1.3899156,125545.05026798
2023-09-03,1.42074804,1.42832938,1.41268791,1.4235433,168246.62093731
2023-09-04,1.40145517,1.41677428,1.39400028,1.40478172,7887.00114747
2023-09-05,1.41922767,1.42654191,1.41632148,1.42565802,225471.41406677
2023-09-06,1.39430059,1.39431061,1.38502099,1.39324748,133965.8362602
2023-09-07,1.37317783,1.37964745,1.36629866,1.37155373,227485.36722919
2023-09-08,1.41469121,1.41952685,1.40185144,1.40718011,201850.72085761
2023-09-09,1.41471022,1.42703325,1.40936416,1.41637574,150290.24152527
2023-09-10,1.39498717,1.39932773,1.38381988,1.39926574,213855.5430272
2023-09-11,1.36939695,1.37626753,1.36517534,1.36871146,235987.37630204
2023-09-12,1.37856434,1.38167305,1.36708083,1.37360235,242991.63003441
2023-09-13,1.38638934,1.39449475,1.37921477,1.38882975,124316.82744351
2023-09-14,1.37565442,1.3848453,1.36383417,1.36684438,70901.27864916
2023-09-15,1.33846268,1.34818474,1.33368983,1.34403661,66974.57740176
2023-09-16,1.35281166,1.3727472,1.34298819,1.36732771,77093.43072253
2023-09-17,1.3015829,1.30868492,1.2969754,1.30075015,163724.00992217
2023-09-18,1.38630667,1.39310072,1.37656783,1.37785983,160164.95449151
2023-09-19,1.32524634,1.32959995,1.3219592,1.32532413,241869.4522731
2023-09-20,1.32627071,1.33981411,1.31921239,1.33367548,153062.9496223
2023-09-21,1.31308754,1.31848309,1.30960157,1.31524953,107892.97362976
2023-09-22,1.31169568,1.32421501,1.30904276,1.31847469,202625.61398143
2023-09-23,1.32984153,1.33074868,1.31307905,1.32231267,143005.7997309
2023-09-24,1.3229632,1.33084676,1.31332967,1.31851444,177274.48909347
2023-09-25,1.29905975,1.30138443,1.2892079,1.29542155,242363.81558678
2023-09-26,1.33352813,1.3429122,1.32161686,1.32818768,213228.77109184
2023-09-27,1.31719065,1.31769869,1.31270159,1.31746192,161158.82836392
2023-09-28,1.24631011,1.25582044,1.24500013,1.25229939,204759.76480138
2023-09-29,1.29619525,1.29701148,1.28719713,1.29281835,98503.01297
2023-09-30,1.24989679,1.26196104,1.24278982,1.25401249,130764.00328856
2023-10-01,1.24827852,1.25846081,1.24725782,1.24796253,174773.57323958
2023-10-02,1.25013427,1.25547095,1.24460237,1.25196822,94815.89915256
2023-10-03,1.20028702,1.20987538,1.19901109,1.20540796,113833.53474381
2023-10-04,1.21426185,1.21991887,1.20656495,1.21615456,244667.67538673
2023-10-05,1.18494337,1.18519484,1.17645612,1.17891864,182147.72164762
2023-10-06,1.18794023,1.1955348,1.18295284,1.18734468,195750.27156065
2023-10-07,1.15767061,1.16143276,1.15064153,1.16080805,97930.92696869
2023-10-08,1.18407026,1.18840369,1.17376008,1.17902183,161868.99292052
2023-10-09,1.13566673,1.15229695,1.13237019,1.14295972,181768.18694448
2023-10-10,1.14245014,1.14810695,1.13326559,1.14100184,97756.19009585
2023-10-11,1.14390323,1.14902092,1.13931921,1.14307392,147275.63898922
2023-10-12,1.11697655,1.12299804,1.11280086,1.1228363,192125.55900321
2023-10-13,1.1001308,1.10901888,1.08406735,1.09327488,237137.42416042
2023-10-14,1.09536533,1.09831904,1.08947408,1.0925306,174323.49346471
2023-10-15,1.05884322,1.0623053,1.0511506,1.05984907,137895.04850445
2023-10-16,1.04575797,1.05409476,1.04329867,1.05153258,91737.68666226
2023-10-17,1.02216024,1.02719485,1.0145821,1.02320927,44909.82793288
2023-10-18,1.02629685,1.03677635,1.021454,1.03075361,200941.39271963
2023-10-19,1.06473546,1.07132545,1.06197902,1.06473013,142390.18770625
2023-10-20,1.02756975,1.02915107,1.01227762,1.01687545,151167.06309629
2023-10-21,0.99159948,0.996642,0.98447867,0.98983726,106669.45662531
2023-10-22,1.00366104,1.01219686,0.99611897,1.0083133,233873.17252182
2023-10-23,0.97059898,0.97534298,0.95935279,0.96748475,156687.67171375
2023-10-24,1.01314933,1.01522961,1.00146663,1.00548627,104969.92231605
2023-10-25,0.95010394,0.95921128,0.94204453,0.95919023,170444.39777207
2023-10-26,0.96083682,0.96720693,0.95641752,0.96536022,232970.41098848
2023-10-27,0.94243717,0.9509705,0.9353832,0.94152222,160918.12900466
2023-10-28,0.93758801,0.9482616,0.93290109,0.93854144,106768.69193622
2023-10-29,0.93861043,0.94219517,0.92670511,0.93387706,214592.22995347
2023-10-30,0.83512609,0.84995099,0.83291776,0.84374947,251185.91499687
2023-10-31,0.90759888,0.91329221,0.90373851,0.90810691,111486.7689025
2023-11-01,0.90023601,0.9005948,0.88949905,0.89522141,123023.18731646
2023-11-02,0.8822381,0.89142857,0.88045461,0.88599705,148782.57401979
2023-11-03,0.86257865,0.87715975,0.85914308,0.87090494,127458.86806709
2023-11-04,0.83977815,0.84377,0.83104223,0.83849311,137873.59648223
2023-11-05,0.86221298,0.86581852,0.85169905,0.85660998,235575.55870168
2023-11-06,0.87696899,0.88334618,0.86364349,0.86705456,214443.01523153
2023-11-07,0.86423852,0.87222444,0.85948578,0.86560412,179884.4252581
2023-11-08,0.84090545,0.85162132,0.83453678,0.841555,70168.5393909
2023-11-09,0.83773518,0.84517005,0.8320154,0.839231,171974.97287967
2023-11-10,0.7878388,0.80488012,0.78291872,0.79567835,230286.04370337
2023-11-11,0.83254933,0.83528039,0.82601349,0.83521482,181037.93658236
2023-11-12,0.85413047,0.86037146,0.85370626,0.85514306,113587.93882784
2023-11-13,0.81918886,0.82332097,0.8099356,0.82094284,246160.82020143
2023-11-14,0.79151438,0.7952289,0.7815653,0.79101976,164247.25937251
2023-11-15,0.81647213,0.83012979,0.81236899,0.8211473,261775.3793803
2023-11-16,0.82508011,0.83491567,0.81934985,0.82833491,136722.04272148
2023-11-17,0.81910959,0.82432134,0.81600421,0.81923695,105335.48951687
2023-11-18,0.80489192,0.81311954,0.80306224,0.80399853,156749.0968392
2023-11-19,0.82965664,0.83491646,0.82743638,0.83304682,197487.95634117
2023-11-20,0.77512432,0.77811675,0.77175324,0.77502682,131622.28352972
2023-11-21,0.79068139,0.79735731,0.78487454,0.7925192,122789.38820081
2023-11-22,0.80716467,0.81320042,0.80203909,0.8095627,47026.20890225
2023-11-23,0.78101115,0.78628268,0.77670586,0.7843511,106005.66778579
2023-11-24,0.78872492,0.79997231,0.77566307,0.78364488,167886.5341279
2023-11-25,0.8274952,0.83171313,0.82058975,0.82592429,129848.05962138
2023-11-26,0.75719139,0.76391123,0.7507406,0.76139825,121138.52186521
2023-11-27,0.77187777,0.77788073,0.76456987,0.77202068,171857.96291163
2023-11-28,0.85447875,0.86776726,0.84671568,0.85881575,111877.429063
2023-11-29,0.80816201,0.81652094,0.80449119,0.81189267,123307.55573834
2023-11-30,0.81307798,0.82663062,0.80544363,0.818257,108283.41070954
2023-12-01,0.83471655,0.8403256,0.82877187,0.83997355,182792.65604002
2023-12-02,0.81536538,0.82624683,0.79869729,0.81273442,97623.44670165
2023-12-03,0.83314894,0.85278624,0.82945645,0.83929178,201599.45758664
2023-12-04,0.83502758,0.84469238,0.83408847,0.84031289,111603.36803346
2023-12-05,0.84026956,0.84208475,0.83434165,0.83914483,303179.77329432
2023-12-06,0.83359389,0.83732443,0.82849798,0.83196463,90274.99393225
2023-12-07,0.84845511,0.85334987,0.83988109,0.84422017,190393.46932654
2023-12-08,0.86692572,0.87475506,0.86605444,0.8677504,137625.52266291
2023-12-09,0.88718704,0.90051573,0.88171809,0.89788769,163747.59965009
2023-12-10,0.87626118,0.87860153,0.86617323,0.87411158,161681.74064057
2023-12-11,0.92974235,0.93639712,0.91626107,0.92550937,101806.05784888
2023-12-12,0.88329498,0.89965739,0.87333248,0.89204593,120870.75687656
2023-12-13,0.88821984,0.89100792,0.87910893,0.88259566,242370.34731852
2023-12-14,0.9081685,0.91893629,0.90139586,0.90910073,86158.08809701
2023-12-15,0.94730557,0.96403481,0.94083502,0.95601235,118596.23045652
2023-12-16,0.91467578,0.93042479,0.90930248,0.92023779,112162.69047295
2023-12-17,0.96348918,0.96944572,0.95037517,0.95746612,207240.68544115
2023-12-18,0.95916419,0.96381806,0.95555828,0.95758124,73979.0078738
2023-12-19,0.97252476,0.9810036,0.96826791,0.97606677,208217.04275013
2023-12-20,0.98504682,0.98918727,0.97892849,0.98351447,129605.84393754
2023-12-21,0.98534291,0.99890414,0.97924024,0.99396339,173595.70628965
2023-12-22,0.97654975,0.98251296,0.97316967,0.97865528,76988.06403141
2023-12-23,0.98991534,0.99607179,0.98442589,0.98986987,97711.02388909
2023-12-24,1.02983907,1.03434645,1.02761493,1.03083303,119438.6619383
2023-12-25,1.04821082,1.05376126,1.0462139,1.04913068,317425.30129125
2023-12-26,0.99111473,1.00467978,0.98551649,1.0012543,256411.95668693
2023-12-27,1.07018062,1.07793955,1.06339127,1.06867651,32694.25878789
2023-12-28,1.07649842,1.08800739,1.0725748,1.07541192,225442.53847517
2023-12-29,1.06273706,1.06813483,1.04756219,1.05507315,192228.72028186
2023-12-30,1.10831068,1.11134274,1.10330204,1.10782296,104074.09795725
2023-12-31,1.09596773,1.10952875,1.08803588,1.10401204,222114.43523027
2024-01-01,1.14529387,1.14983141,1.14029721,1.14453149,173541.56116321
2024-01-02,1.14624798,1.14721173,1.13542311,1.14455727,178648.89392684
2024-01-03,1.1622001,1.16641712,1.15112784,1.16194048,85810.02841685
2024-01-04,1.13018719,1.13590837,1.11649332,1.12020821,114897.85495917
2024-01-05,1.13494363,1.14206052,1.11907731,1.12560728,199480.3613779
2024-01-06,1.1613803,1.16963744,1.15747356,1.15908833,185757.84375674
2024-01-07,1.20435952,1.20670282,1.19934879,1.2038521,122508.83131726
2024-01-08,1.20489367,1.21484739,1.20144868,1.20755413,118809.36914213
2024-01-09,1.23409053,1.24148906,1.23298276,1.23489421,241252.64183166
2024-01-10,1.19401259,1.19833895,1.19081709,1.19352792,133536.64273335
2024-01-11,1.2668203,1.27111037,1.25419797,1.25812557,37323.88656377
2024-01-12,1.27303341,1.28063403,1.26771898,1.27836378,194043.35778528
2024-01-13,1.29580754,1.30306905,1.28137497,1.28493449,110591.84453043
2024-01-14,1.26508222,1.27294689,1.2542092,1.26105998,36333.0213147
2024-01-15,1.27048746,1.2738882,1.25844503,1.26320402,313607.92848182
2024-01-16,1.28978397,1.3003001,1.27539228,1.28266681,123905.53091889
2024-01-17,1.2435738,1.25479842,1.23679792,1.24786848,220336.24241442
2024-01-18,1.28136305,1.28251338,1.27801424,1.28036581,181758.21473494
2024-01-19,1.27161181,1.28210374,1.26683654,1.26752828,134467.76792431
2024-01-20,1.35639807,1.36259008,1.34857237,1.35389489,67691.74115828
2024-01-21,1.33122313,1.33648406,1.31762472,1.3247898,128295.25467799
2024-01-22,1.31557872,1.31957571,1.31466565,1.31773481,148806.05774559
2024-01-23,1.33314699,1.34493717,1.33094175,1.33784896,175535.25931405
2024-01-24,1.36759492,1.37362108,1.35189636,1.35926513,154482.57850801
2024-01-25,1.33190663,1.34194479,1.32300086,1.32762802,275626.59895121
2024-01-26,1.39031894,1.39477537,1.37796805,1.38031404,153358.64614945
2024-01-27,1.35395049,1.35822558,1.34746467,1.35295821,144597.27577079
2024-01-28,1.3505691,1.36202351,1.34575961,1.35321613,69550.42192633
2024-01-29,1.33553501,1.34298354,1.33407567,1.33714714,42760.54532867
2024-01-30,1.40900818,1.41662417,1.39102744,1.39303761,142940.64102815
2024-01-31,1.37697265,1.38411909,1.37240095,1.38333153,197409.8058729
2024-02-01,1.39077969,1.40072444,1.38421591,1.39419618,91039.27605693
2024-02-02,1.37097554,1.3793842,1.36153342,1.36774966,220753.84465202
2024-02-03,1.41630464,1.43038225,1.40735675,1.42394638,218014.59785602
2024-02-04,1.42224194,1.43222503,1.4149131,1.42517984,114109.74316178
2024-02-05,1.39534494,1.404457,1.38936223,1.40200352,213084.93934078
2024-02-06,1.91854891,1.92801688,1.90882688,1.91087839,143917.38782009
2024-02-07,1.88929012,1.89644458,1.88255498,1.88517386,205445.19196033
2024-02-08,1.85800484,1.86032236,1.84765295,1.8521156,107524.79241197
2024-02-09,1.87559382,1.87716841,1.87336728,1.87433107,114771.05773528
2024-02-10,1.87398934,1.88103536,1.85656418,1.86583303,104813.53784635
2024-02-11,1.83159799,1.83335856,1.82701426,1.83096308,128589.10158891
2024-02-12,1.8139019,1.81725659,1.80802057,1.81142494,35962.4497054
2024-02-13,1.7908366,1.79626669,1.78419919,1.79135366,120277.57711871
2024-02-14,1.73725242,1.74423165,1.73159951,1.74026264,113649.54870478
2024-02-15,1.72179376,1.73221895,1.72155259,1.72844171,110353.88891876
2024-02-16,1.72613698,1.7306684,1.72095368,1.72527999,204016.79311009
2024-02-17,1.66993501,1.67278561,1.66188908,1.6677238,140874.66356448
2024-02-18,1.65847263,1.66153398,1.65554988,1.65691107,121018.82586651
2024-02-19,1.61964667,1.62282297,1.61771246,1.61892083,171856.95425198
2024-02-20,1.62720924,1.63225508,1.61946935,1.62813191,133729.9385329
2024-02-21,1.59559058,1.6079383,1.5910194,1.60126554,181094.24983447
2024-02-22,1.56289946,1.56805829,1.55851838,1.56666432,122436.11202141
2024-02-23,1.5285601,1.53663698,1.52120173,1.52230561,21661.14314842
2024-02-24,1.49494932,1.50798845,1.49271215,1.49416664,130965.83468876
2024-02-25,1.52532102,1.53614528,1.51751862,1.52779765,148247.20002032
2024-02-26,1.50039658,1.50118792,1.49124078,1.495717,112252.58705137
2024-02-27,1.44997541,1.45805459,1.44480808,1.45604397,149561.36825487
2024-02-28,1.46211014,1.47140719,1.45212695,1.46105803,218270.81512238
2024-02-29,1.33728008,1.3475354,1.33624963,1.34114504,118326.84319568
2024-03-01,1.40462318,1.40857656,1.39418809,1.40438549,124673.228243
2024-03-02,1.39291659,1.39846247,1.38899219,1.393165,99563.74761252
2024-03-03,1.34042662,1.35408841,1.33508741,1.34725501,123594.56703916
2024-03-04,1.34400711,1.35012111,1.33774282,1.34921825,67353.42881321
2024-03-05,1.28884076,1.29673968,1.28536166,1.28802595,96467.84921847
2024-03-06,1.32261939,1.33722566,1.31632983,1.32968185,106455.47594235
2024-03-07,1.27723457,1.28453604,1.27269294,1.28153438,107585.10831964
2024-03-08,1.24071489,1.24390192,1.22976328,1.2371531,140761.94646407
2024-03-09,1.31618024,1.3171412,1.31250628,1.31338981,96217.31830253
2024-03-10,1.22856296,1.23844786,1.22351758,1.2368259,56216.78551201
2024-03-11,1.23410282,1.23608818,1.22612597,1.23293784,155103.85182075
2024-03-12,1.25098064,1.25534276,1.24312967,1.24765709,177708.93200989
2024-03-13,1.21708174,1.23332535,1.21376465,1.22554573,218042.01765379
2024-03-14,1.2119003,1.22014758,1.20257887,1.21514824,105025.79765488
2024-03-15,1.1710683,1.18112487,1.16130381,1.17234672,211964.15359742
2024-03-16,1.1593367,1.16408812,1.15486605,1.16052233,84303.44132657
2024-03-17,1.18932428,1.20720507,1.1841445,1.19524478,118949.16391931
2024-03-18,1.17999933,1.18674979,1.16672396,1.1752099,170797.73108743
2024-03-19,1.18768537,1.19403181,1.18390061,1.19132491,191118.17197485
2024-03-20,1.19321525,1.20047407,1.18815614,1.19179392,208709.39010027
2024-03-21,1.2167084,1.22163056,1.20927237,1.21479264,98375.3739606
2024-03-22,1.19584637,1.20352951,1.19028653,1.19459509,180128.67899271
2024-03-23,1.20920902,1.2181606,1.20305622,1.2131231,108674.43205942
2024-03-24,1.21113695,1.21916191,1.21056199,1.21361279,166458.89092569
2024-03-25,1.24085087,1.24416432,1.2339842,1.23982406,83802.75585536
2024-03-26,1.233778,1.23479211,1.22671637,1.2297828,115334.45268909
2024-03-27,1.26249083,1.27292434,1.26074694,1.26969129,249366.27397782
2024-03-28,1.26150291,1.2694408,1.25391088,1.26409967,25622.11644719
2024-03-29,1.26321738,1.26632793,1.26145284,1.26212558,107463.14324628
2024-03-30,1.30375986,1.31464007,1.30204901,1.30213145,61135.51496243
2024-03-31,1.29604588,1.29835807,1.29073792,1.29118128,198741.38307476
2024-04-01,1.32347509,1.32911911,1.31488412,1.31789857,203629.75161402
2024-04-02,1.37485247,1.37861159,1.36329826,1.3673427,238325.64121327
2024-04-03,1.39376256,1.39621251,1.3906185,1.39247673,64138.42941869
2024-04-04,1.36944435,1.37190279,1.36228233,1.37047821,4714.14128789
2024-04-05,1.39167017,1.40189727,1.38510217,1.39507112,76154.83409145
2024-04-06,1.43193079,1.44302717,1.43059017,1.43715284,157684.78719149
2024-04-07,1.494235,1.50249513,1.48212875,1.48403402,118859.70013463
2024-04-08,1.455556,1.45885033,1.45244703,1.45860687,217067.03620892
2024-04-09,1.54718114,1.55279085,1.53798879,1.54500776,55166.7524432
2024-04-10,1.51083951,1.51514035,1.50291786,1.50681363,201252.72000478
2024-04-11,1.51511266,1.51767639,1.50258647,1.50927648,150039.14887583
2024-04-12,1.59081451,1.59277867,1.5783408,1.58585282,180387.30919962
2024-04-13,1.62112704,1.63233035,1.61394107,1.62376765,123474.08323896
2024-04-14,1.63741243,1.64701362,1.63271348,1.63927403,156487.05943443
2024-04-15,1.64960317,1.65434301,1.63779113,1.64453323,185979.44035233
2024-04-16,1.65437746,1.66379625,1.64322509,1.64975747,174345.84284348
2024-04-17,1.67987961,1.68027802,1.66800066,1.67343306,242991.06564759
2024-04-18,1.70258804,1.7054091,1.69291492,1.69989036,65097.2996625
2024-04-19,1.72502864,1.73352215,1.724925,1.72821752,240451.81124837
2024-04-20,1.76252078,1.77443201,1.75759219,1.76496497,165389.72148452
2024-04-21,1.7942132,1.79968575,1.78446224,1.7862591,155365.45496684
2024-04-22,1.80984091,1.81302119,1.80726551,1.8099701,48183.28252809
2024-04-23,1.82737837,1.83462328,1.82084981,1.83155085,214752.8595461
2024-04-24,1.81901592,1.82459055,1.81249837,1.82077238,87599.9259345
2024-04-25,1.84622613,1.84941639,1.84221168,1.84412593,149329.60081789
2024-04-26,1.85822727,1.86844624,1.85375731,1.85959485,141775.26543279
2024-04-27,1.87765501,1.89079308,1.86960426,1.88526116,225755.83592808
2024-04-28,1.96595279,1.97303531,1.96425284,1.96743005,261119.09819485
2024-04-29,1.9495692,1.95635912,1.9401635,1.94476542,2272.42040775
2024-04-30,1.96667792,1.97245087,1.96081855,1.96333923,202051.17946817
2024-05-01,1.9575003,1.95917954,1.95486348,1.95649751,144632.42833899
2024-05-02,1.95412507,1.96952907,1.95044093,1.9593253,146075.66768713
2024-05-03,1.98363412,1.9863087,1.97183062,1.97627349,73529.03130211
2024-05-04,2.00246758,2.00794307,1.99448377,2.00033695,258958.35938338
2024-05-05,1.98116134,1.98734407,1.97306844,1.98408074,185288.46432684
2024-05-06,1.99817602,2.00805769,1.99137338,2.00141822,156363.17959583
2024-05-07,1.99566921,2.00186779,1.9897415,1.99330179,131274.19964517
2024-05-08,1.96731792,1.9719887,1.95468201,1.96433063,42940.01335863
2024-05-09,2.00625415,2.00915834,1.99684026,2.00328922,166991.43804716
2024-05-10,2.0091446,2.01484157,2.00390193,2.01031126,155645.2151788
2024-05-11,1.97685595,1.99005125,1.97066664,1.98348243,244755.80522789
2024-05-12,1.98485591,1.98990723,1.97541714,1.97892831,179952.92117726
2024-05-13,2.00549286,2.01783014,2.00043643,2.00811892,76016.15301102
2024-05-14,1.96730013,1.97064134,1.95667318,1.96194029,156357.22605002
2024-05-15,1.98010208,1.98365636,1.97353432,1.97520525,11915.53740824
2024-05-16,1.96514594,1.97518102,1.96225825,1.96646625,211392.97056537
2024-05-17,1.9617129,1.96379177,1.94931293,1.95310947,190717.67836244
2024-05-18,1.97564145,1.97663609,1.96315684,1.97142174,149442.00601772
2024-05-19,1.89980811,1.90655702,1.89720575,1.90260217,228355.04462941
2024-05-20,1.9379046,1.94026399,1.93219748,1.93220769,177129.98638676
2024-05-21,1.91161563,1.91859608,1.90183182,1.90729946,198070.7792652
2024-05-22,1.89322277,1.90415816,1.88332788,1.89219694,86883.94539884
2024-05-23,1.84880942,1.85250021,1.83741792,1.84202298,120711.4050151
2024-05-24,1.86014885,1.86364733,1.85979388,1.86221837,6485.57447156
2024-05-25,1.82180978,1.8239967,1.81075678,1.81568625,217289.62840631
2024-05-26,1.84050437,1.85042342,1.8366309,1.84328945,33694.55037854
2024-05-27,1.81617205,1.81854087,1.8100034,1.8156214,170018.72646356
2024-05-28,1.77371545,1.78303237,1.76779879,1.77855641,195229.25593184
2024-05-29,1.74361519,1.75530438,1.73490429,1.7490313,114267.03487594
2024-05-30,1.7462791,1.75445414,1.73200384,1.74103775,167001.27575857
2024-05-31,1.74293599,1.74545374,1.73024438,1.73617447,164111.01252626
2024-06-01,1.66939489,1.67206486,1.66226378,1.67104092,200933.67061973
2024-06-02,1.69089889,1.69408407,1.67963543,1.68415548,242616.35409746
2024-06-03,1.65522953,1.66099842,1.6509161,1.65891722,85890.28536053
2024-06-04,1.61948311,1.62014172,1.60880425,1.61462871,77053.92662175
2024-06-05,1.6392856,1.64571112,1.63715976,1.63902763,22034.6654712
2024-06-06,1.54146091,1.55476243,1.5399036,1.54624456,199619.93137345
2024-06-07,1.5494598,1.55247688,1.54610878,1.55001752,208244.55757019
2024-06-08,1.52945852,1.5301478,1.52333252,1.52871063,165222.27282607
2024-06-09,1.48707965,1.48994878,1.48389069,1.48491397,111406.46424855
2024-06-10,1.46397631,1.4711348,1.45303296,1.45788128,117193.84284204
2024-06-11,1.46783574,1.46993456,1.45728242,1.46036506,219045.70341975
2024-06-12,1.43468042,1.44533849,1.42802562,1.43687269,93431.27975384
2024-06-13,1.41139049,1.42138446,1.4045683,1.41142645,179010.58275731
2024-06-14,1.39057968,1.39141225,1.38733808,1.38797486,173360.68066465
2024-06-15,1.37143427,1.37444594,1.36969763,1.37345168,182268.92367146
2024-06-16,1.34578076,1.35120059,1.33998132,1.34898756,140949.09119903
2024-06-17,1.32264599,1.33061852,1.31679788,1.32516775,112419.88082401
2024-06-18,1.341547,1.34998983,1.3412017,1.34449089,90061.78245975
2024-06-19,1.31720022,1.32284424,1.31058585,1.31356824,171218.05286092
2024-06-20,1.26566932,1.26855613,1.25647411,1.2603191,102165.56315515
2024-06-21,1.29125539,1.30095742,1.28191846,1.29224528,177285.74944028
2024-06-22,1.21718978,1.22446153,1.21098829,1.22095902,172778.31414208
2024-06-23,1.21966648,1.22162237,1.21180523,1.21574356,165444.30599672
2024-06-24,1.23748833,1.2459064,1.22860117,1.22964406,82456.53254135
2024-06-25,1.24702945,1.25391454,1.24138779,1.24646304,223833.13436366
2024-06-26,1.23541553,1.23838538,1.22466092,1.23148321,53387.13520181
2024-06-27,1.20202246,1.20786953,1.19983282,1.20519965,29543.69298359
2024-06-28,1.22908722,1.23461941,1.22258352,1.23015115,213910.87281303
2024-06-29,1.22674988,1.2344718,1.22446589,1.22890786,193967.64615962
2024-06-30,1.20535787,1.21283977,1.19346727,1.20081236,182169.93539621
2024-07-01,1.19557685,1.20777752,1.18552655,1.2017903,123965.86136966
2024-07-02,1.1906901,1.20071302,1.18572298,1.18759983,5047.63755617
2024-07-03,1.19188234,1.19645395,1.1871647,1.19138381,119839.6062368
2024-07-04,1.19056641,1.20078226,1.18384896,1.19470232,54880.17886186
2024-07-05,0.7192511,0.72591301,0.71289218,0.71704357,165288.31495131
2024-07-06,0.68584456,0.69508926,0.67364616,0.67792756,70875.78892699
2024-07-07,0.71223251,0.71605111,0.70666295,0.70927604,159651.99983167
2024-07-08,0.71954748,0.72738403,0.70587986,0.71287123,107527.26860128
2024-07-09,0.75491028,0.75618963,0.74374624,0.7493634,234373.45594835
2024-07-10,0.79146991,0.80205137,0.78333694,0.7962227,222350.3206939
2024-07-11,0.72776735,0.74327811,0.7212724,0.73781523,142525.80377237
2024-07-12,0.78887074,0.79830326,0.77925717,0.7824806,159461.84901287
2024-07-13,0.78878462,0.7895719,0.77831742,0.78010715,96611.30695714
2024-07-14,0.80261178,0.81457671,0.79044193,0.79622398,129836.80045263
2024-07-15,0.84074931,0.85429768,0.83585867,0.84528441,175233.41753682
2024-07-16,0.829331,0.83049424,0.82427485,0.83035311,203415.13992121
2024-07-17,0.81506678,0.82368749,0.81099577,0.82011595,144583.53120425
2024-07-18,0.87023967,0.87513314,0.86877523,0.868821,168822.08788596
2024-07-19,0.90723271,0.9075531,0.90024543,0.90594238,178520.84221826
2024-07-20,0.87416675,0.88299606,0.86393365,0.87378581,157590.22054752
2024-07-21,0.91410732,0.91870334,0.90495232,0.91493289,207747.54546688
2024-07-22,0.9251924,0.9372269,0.917071,0.92782512,72499.34715262
2024-07-23,0.94826103,0.95409646,0.9463683,0.9474195,62211.10503712
2024-07-24,0.95120173,0.96247403,0.95018321,0.95503668,61485.30353107
2024-07-25,0.987019,0.99163392,0.97680088,0.98247201,107484.28663476
2024-07-26,0.9656742,0.96942778,0.95332016,0.95977705,48467.01440805
2024-07-27,1.00147912,1.00638912,0.99245948,0.9964562,234660.29123883
2024-07-28,0.95929666,0.96335501,0.95521609,0.95744789,212330.06871719
2024-07-29,0.96806895,0.97202699,0.9611514,0.96574799,139736.96829525
2024-07-30,0.97032561,0.97506525,0.95907083,0.96665905,194809.38095693
2024-07-31,1.00680921,1.01625794,1.00233241,1.00926682,148657.39132335
2024-08-01,0.97251325,0.98177595,0.96853924,0.97488548,106231.53730493
2024-08-02,1.01155437,1.0128988,1.00445314,1.00977028,217693.21488471
2024-08-03,1.01494088,1.01929452,1.01103756,1.01762667,230644.70531036
2024-08-04,1.00126802,1.02031274,0.99961452,1.01273649,265954.13004118
2024-08-05,1.0142108,1.02150456,1.00722775,1.01618371,120395.06141749
2024-08-06,1.00856604,1.01346134,0.99899098,1.00921376,27674.12776146
2024-08-07,0.99383548,1.00525456,0.9909598,1.00080088,302776.75476233
2024-08-08,0.98805823,0.99188788,0.98039005,0.98874315,119391.32269892
2024-08-09,0.99369987,1.00104268,0.97854101,0.98434791,294742.93023042
2024-08-10,0.97840124,0.98508375,0.96979178,0.98246423,112870.66834775
2024-08-11,1.01272118,1.01631224,1.01012604,1.01586826,167228.63427563
2024-08-12,1.01862511,1.02472435,1.00506615,1.0121184,8665.50848359
2024-08-13,0.98920657,0.99327965,0.98601158,0.98901388,202783.60469574
2024-08-14,1.0111478,1.01556352,0.99871303,1.00132486,263114.87363745
2024-08-15,0.96361132,0.96705273,0.95735097,0.96621434,186341.9072969
2024-08-16,0.98401159,0.99064396,0.97623313,0.98289601,180863.12629461
2024-08-17,0.98659185,0.99215826,0.97894117,0.98232949,198177.24933181
2024-08-18,0.93856943,0.94215914,0.92717065,0.93930778,91729.68996565
2024-08-19,0.95897332,0.96660198,0.95071073,0.95559188,155033.44191992
2024-08-20,0.91564405,0.93194149,0.90655197,0.9292342,101024.96840382
2024-08-21,0.93933332,0.9414288,0.92265926,0.92614537,134876.33999251
2024-08-22,0.86885033,0.8739057,0.86221865,0.87319166,135174.29679092
2024-08-23,0.8637445,0.87166078,0.85577891,0.85969382,206802.83799165
2024-08-24,0.89819695,0.90861256,0.89264286,0.90276882,99892.00821576
2024-08-25,0.8607283,0.87264843,0.85380062,0.85868877,162617.61795033
2024-08-26,0.84458652,0.85027728,0.84071671,0.84588428,110651.14892242
2024-08-27,0.85051979,0.86205895,0.83937013,0.85333459,104319.75874914
2024-08-28,0.83615245,0.8429017,0.83127497,0.83398451,115749.76588873
2024-08-29,0.83139311,0.85122991,0.82548877,0.83958474,131753.71529226
2024-08-30,0.80575512,0.82152959,0.80100682,0.81112207,123894.77203676
2024-08-31,0.84041992,0.84483663,0.82895146,0.8352602,130070.50379798
2024-09-01,0.77751153,0.78450863,0.76922687,0.77861634,268652.15862867
2024-09-02,0.73954682,0.74761988,0.72288557,0.72793516,124197.16143379
2024-09-03,0.7253448,0.72706105,0.71241713,0.71937269,125116.3672272
2024-09-04,0.71151785,0.71797689,0.70723316,0.70942577,201563.66630325
2024-09-05,0.7656029,0.77189708,0.76035106,0.76314965,87637.9165873
2024-09-06,0.704298,0.70933324,0.69954967,0.70395299,299504.56605347
2024-09-07,0.70361936,0.70989915,0.70340366,0.70850089,89427.32072615
2024-09-08,0.69223704,0.69658468,0.68546816,0.69366325,182952.77028168
2024-09-09,0.67450594,0.67946184,0.67346177,0.67457209,39286.72707417
2024-09-10,0.63220987,0.63869643,0.6277295,0.63615326,121557.29521356
2024-09-11,0.61093195,0.61745439,0.60740958,0.61144639,199144.14276067
2024-09-12,0.63120771,0.63508709,0.62302006,0.62926048,190949.3189531
2024-09-13,0.57531349,0.57878005,0.56302017,0.56997202,11619.65570668
2024-09-14,0.57721305,0.59026288,0.57166867,0.58570809,174418.42185172
2024-09-15,0.57463995,0.5898108,0.57367577,0.58090261,129821.29831811
2024-09-16,0.54833828,0.55214167,0.54008147,0.55135096,194766.92458248
2024-09-17,0.55432589,0.55716766,0.54965613,0.55504757,95518.40382682
2024-09-18,0.54440728,0.54866585,0.53624164,0.54243864,185015.52015291
2024-09-19,0.55417106,0.554888,0.5429988,0.54429729,77010.27776234
2024-09-20,0.50419847,0.51557953,0.49668422,0.51217082,193755.22752949
2024-09-21,0.54156817,0.5496072,0.53388687,0.53729996,128516.42915896
2024-09-22,0.51525052,0.51599958,0.51012334,0.51095758,91328.76885851
2024-09-23,0.47215513,0.48257289,0.45957848,0.46556827,170442.68563468
2024-09-24,0.51378058,0.52045771,0.50541901,0.51153713,172459.27276721
2024-09-25,0.49381057,0.49906666,0.48635825,0.49017883,165602.93862805
2024-09-26,0.42333732,0.4287156,0.41507132,0.42103369,80595.65039231
2024-09-27,0.45628185,0.46126083,0.44925588,0.45536644,100221.01262726
2024-09-28,0.41147469,0.41307994,0.40241911,0.4092042,274052.75090213
2024-09-29,0.44300989,0.45289304,0.43060885,0.43874144,286621.17764621
2024-09-30,0.40586138,0.41401745,0.40570612,0.40756747,149613.76098106
2024-10-01,0.42716729,0.43536898,0.41337894,0.42067772,191805.52745109
2024-10-02,0.41708532,0.42436374,0.40758924,0.41562439,106856.98430408
2024-10-03,0.41877978,0.42495305,0.41031659,0.41915641,134962.03231821
2024-10-04,0.38366229,0.39149775,0.37683375,0.38821727,140056.50325398
2024-10-05,0.3957855,0.40126537,0.38481992,0.39192164,281580.72959177
2024-10-06,0.44119755,0.44721426,0.4311323,0.43947329,226673.86168787
2024-10-07,0.38727086,0.40098483,0.3815956,0.393396,186611.25267858
2024-10-08,0.40738413,0.4143461,0.39917019,0.41087626,140306.79433991
2024-10-09,0.38321971,0.39078952,0.37975036,0.38459658,254243.42053656
2024-10-10,0.40998172,0.42312143,0.40027494,0.41743282,347776.83250297
2024-10-11,0.39359912,0.39453007,0.38680674,0.39347549,178730.28406052
2024-10-12,0.40558204,0.41834696,0.39509753,0.41100318,231522.46814144
2024-10-13,0.41551471,0.42346336,0.41093795,0.41576839,1744.1663888
2024-10-14,0.38492057,0.3939114,0.37345565,0.37807946,102106.15671672
2024-10-15,0.40463208,0.41530067,0.3943911,0.41106246,112464.27194373
2024-10-16,0.39979931,0.4121361,0.39764902,0.40651897,189025.20526034
2024-10-17,0.43067422,0.43744818,0.41583662,0.42226768,65590.90032808
2024-10-18,0.437152,0.4431806,0.42956688,0.4356331,157353.77261028
2024-10-19,0.40713621,0.42082175,0.39909441,0.41917026,198020.15604384
2024-10-20,0.47502955,0.48071065,0.46833712,0.47338895,47506.16094583
2024-10-21,0.4595076,0.46591828,0.45747241,0.46274556,145968.21189443
2024-10-22,0.49072632,0.49281393,0.48100082,0.48672756,145536.5701045
2024-10-23,0.44272246,0.44578155,0.43128072,0.43802179,102532.15445586
2024-10-24,0.51042238,0.51620681,0.497551,0.50418039,110789.33942268
2024-10-25,0.48759018,0.50134294,0.47903113,0.49318482,121209.82208162
2024-10-26,0.50835452,0.51276108,0.50489873,0.51168816,78167.88692167
2024-10-27,0.48547762,0.48749057,0.47912332,0.48399778,9470.92098258
2024-10-28,0.53344128,0.54002586,0.52582975,0.53690189,142661.21026773
2024-10-29,0.55411048,0.56055409,0.55121784,0.55384318,149301.0086374
2024-10-30,0.55985311,0.56312376,0.54904863,0.55630859,181702.90952777
2024-10-31,0.56644515,0.57024751,0.55973259,0.5628125,101962.19626689
2024-11-01,0.56827389,0.57268448,0.56263847,0.56671755,201247.24740507
2024-11-02,0.62044362,0.62124966,0.61343939,0.61989482,32472.48167447
2024-11-03,0.59790336,0.60831166,0.5954581,0.59870755,58120.02797905
2024-11-04,0.62021348,0.62031711,0.61415761,0.61675743,222769.14745326
2024-11-05,0.66034118,0.67142224,0.65508567,0.66338078,95588.84201778
2024-11-06,0.6431505,0.64805267,0.63677397,0.64628878,210598.46408059
2024-11-07,0.64999859,0.65186509,0.64188449,0.64666675,168211.60399413
2024-11-08,0.71060204,0.71646851,0.70071415,0.71072221,246915.1745219
2024-11-09,0.73025944,0.73678401,0.71658929,0.72650706,194237.95776417
2024-11-10,0.70740182,0.71363427,0.70604903,0.70687086,115326.85860507
2024-11-11,0.76389122,0.77610603,0.75795207,0.76957643,207903.43461764
2024-11-12,0.73077914,0.73982297,0.72766588,0.73466324,242897.89090611
2024-11-13,0.7728277,0.77483926,0.76179173,0.76856238,299376.55910822
2024-11-14,0.7727802,0.78680097,0.76920362,0.77838502,72692.46387033
2024-11-15,0.76538006,0.77785736,0.76292986,0.77128923,97864.48613083
2024-11-16,0.80265534,0.81032578,0.79182749,0.80052608,130069.88036475
2024-11-17,0.83820977,0.85227874,0.8313493,0.84214666,165943.28580774
2024-11-18,0.80847643,0.81207292,0.80044002,0.80360594,100746.85746236
2024-11-19,0.83892576,0.84520756,0.83130199,0.83645786,262391.9467237
2024-11-20,0.8378769,0.83889191,0.82975574,0.83644662,184401.94228966
2024-11-21,0.87910362,0.88585736,0.87012115,0.87657307,66957.2222672
2024-11-22,0.91215266,0.92052382,0.89918935,0.90340878,267960.28229973
2024-11-23,0.90820337,0.91525159,0.89301313,0.9023415,54468.72701067
2024-11-24,0.8952072,0.89949012,0.88867646,0.89258584,240230.81273082
2024-11-25,0.90928807,0.91541765,0.90342074,0.90774176,11181.01519402
2024-11-26,0.8904176,0.9033132,0.88757808,0.8917099,148583.61853099
2024-11-27,0.98009178,0.98661968,0.9739657,0.97990065,99739.5508062
2024-11-28,0.92748106,0.93497088,0.92468183,0.92999336,120363.14472843
2024-11-29,0.9665401,0.97861979,0.95767641,0.96054236,167061.56006872
2024-11-30,0.94015108,0.9434065,0.92997116,0.94324575,124439.0945224
2024-12-01,0.98370894,0.9910165,0.9735842,0.9889817,53062.23801646
2024-12-02,0.96134625,0.96661468,0.95089052,0.95533255,230095.9034814
2024-12-03,0.97989227,0.98118239,0.96660561,0.97588759,116619.76758811
2024-12-04,0.98634714,0.99249873,0.98218657,0.9899391,205041.65744057
2024-12-05,0.9865511,0.990136,0.97660688,0.98557851,62099.62601345
2024-12-06,0.96740127,0.96888512,0.95016682,0.96032963,149092.83473243
2024-12-07,1.0068212,1.0098483,0.99865151,1.00520502,272242.32254069
2024-12-08,1.01925941,1.03154065,1.01777586,1.02282104,136899.20860959
2024-12-09,1.00871916,1.0095637,0.99434857,1.00250065,125266.81582617
2024-12-10,0.97221684,0.97596766,0.9662187,0.9672291,197804.19599309
2024-12-11,0.96404391,0.96755411,0.96147618,0.96593356,215338.34925329
2024-12-12,1.00373872,1.01560236,0.99853421,1.01127864,231388.19932425
2024-12-13,0.9999111,1.00708796,0.99291931,1.00596119,195814.85354992
2024-12-14,0.97903141,0.98869096,0.9731628,0.98216215,7803.62352896
2024-12-15,0.98955858,0.99010617,0.97782918,0.98544122,75130.47523263
2024-12-16,0.98724985,0.99163428,0.98158712,0.99147958,143864.00897423
2024-12-17,1.01667586,1.01691107,1.00653381,1.01251776,208879.28938031
2024-12-18,1.00290115,1.01376075,0.99071882,0.99359913,173296.35340623
2024-12-19,1.0248966,1.02788522,1.0180802,1.01850586,56622.90875484
2024-12-20,0.9762376,0.9812257,0.97297674,0.97677558,98378.33500247
2024-12-21,0.96836579,0.97479667,0.96827761,0.96850353,257389.4933438
2024-12-22,0.97697806,0.97816864,0.96395338,0.97162496,63985.04744938
2024-12-23,0.95370212,0.96191706,0.94070952,0.94788823,261164.75474124
2024-12-24,0.92923096,0.93668464,0.92417291,0.93326814,200325.95107069
2024-12-25,0.90286874,0.90779507,0.89517182,0.89879239,93962.37737178
2024-12-26,0.90167919,0.90609514,0.89288906,0.90015238,53305.35503039
2024-12-27,0.86401147,0.87752396,0.85942875,0.86919614,152245.70369649
2024-12-28,0.90222264,0.90562077,0.89822327,0.89894151,128489.94238183
2024-12-29,0.84424357,0.84727952,0.83838115,0.84457904,161766.30653294
2024-12-30,0.85865337,0.87216394,0.85494479,0.85547974,295602.89191793
2024-12-31,0.82373228,0.83262076,0.81653064,0.83050455,162946.44279695
2025-01-01,0.82148753,0.82710737,0.81471291,0.82438622,225294.3431147
2025-01-02,0.81476874,0.82203686,0.812846,0.81816539,146739.98347948
2025-01-03,0.81525984,0.82059183,0.80689619,0.81710593,168804.12391869
2025-01-04,0.80561935,0.81104923,0.79416312,0.80310388,67825.54442691
2025-01-05,0.76897488,0.78412931,0.7579649,0.78039068,72922.89986296
2025-01-06,0.74403912,0.75200306,0.73699861,0.74441318,117377.08947224
2025-01-07,0.78543461,0.79413994,0.77565432,0.78572457,91016.65389525
2025-01-08,0.70972075,0.7152793,0.7019392,0.70704152,166086.13862279
2025-01-09,0.72781214,0.73184408,0.71119258,0.72000508,165536.54559471
2025-01-10,0.69960966,0.71318113,0.69809112,0.70448412,156493.84196287
2025-01-11,0.71396357,0.72818684,0.70803121,0.72223858,175609.35023108
2025-01-12,0.68771878,0.69583457,0.68069226,0.68479103,275005.13792654
2025-01-13,0.66233906,0.67433991,0.65798912,0.66573216,93787.14909085
2025-01-14,0.68123918,0.68862076,0.67144525,0.67366619,37604.03987402
2025-01-15,0.70758258,0.7113147,0.70407729,0.70635456,25656.13647114
2025-01-16,0.64528061,0.64879948,0.63384255,0.64377901,205138.93758755
2025-01-17,0.64721427,0.66072106,0.64333348,0.65185044,308615.40262209
2025-01-18,0.65208684,0.66003385,0.64929334,0.65891176,236724.0359432
2025-01-19,0.63263437,0.64825996,0.62850473,0.64513523,232191.62140523
2025-01-20,0.65089108,0.65754989,0.63921827,0.65164106,213542.89418131
2025-01-21,0.62431751,0.63271331,0.60890826,0.62089663,167213.96092602
2025-01-22,0.62361795,0.62718606,0.61637704,0.62182974,101701.10569377
2025-01-23,0.613893,0.62870925,0.60649729,0.62117733,50950.6453071
2025-01-24,0.62511484,0.63715538,0.61710174,0.62791692,215221.1017377
2025-01-25,0.6117075,0.61815457,0.60630064,0.61692319,73635.24488049
2025-01-26,0.59345348,0.60823838,0.58690593,0.60089484,73231.63314083
2025-01-27,0.57180385,0.57945929,0.56399472,0.56968432,108361.93317355
2025-01-28,0.58285386,0.58738224,0.58207993,0.58398589,152484.89803578
2025-01-29,0.55540159,0.557083,0.54789273,0.55604159,116301.76046112
2025-01-30,0.57309304,0.58275395,0.55860667,0.56559252,88732.79516716
2025-01-31,0.55524308,0.56105109,0.54832122,0.55374277,199222.76482836
2025-02-01,0.56620435,0.57367231,0.55719383,0.56010948,130868.2497262
2025-02-02,0.54013286,0.54365761,0.53310048,0.53806855,130090.63719093
2025-02-03,0.52102641,0.52875605,0.50864507,0.51896223,211359.13558423
2025-02-04,0.51945673,0.52016539,0.50685442,0.51310122,116454.1553318
2025-02-05,0.51110675,0.51484557,0.4954636,0.50120156,185437.57313845
2025-02-06,0.49615924,0.50894847,0.49218627,0.50296421,143653.10008966
2025-02-07,0.49653949,0.50277188,0.49381404,0.49425864,163188.66105605
2025-02-08,0.51172366,0.52348326,0.50879332,0.521262,30839.62520044
2025-02-09,0.43585593,0.44909972,0.43195793,0.44065287,94032.16068649
2025-02-10,0.46764186,0.47409793,0.46006988,0.46519715,308496.90761163
2025-02-11,0.46735462,0.47076266,0.46277178,0.46518724,80132.76945048
2025-02-12,0.42823949,0.43372526,0.42237758,0.42548619,128944.31107129
2025-02-13,0.46288364,0.46902236,0.45701572,0.46391984,179822.29586
2025-02-14,0.40681233,0.4199818,0.40075273,0.41913021,115398.9695052
2025-02-15,0.41042579,0.42161004,0.40506771,0.41901169,152372.90888337
2025-02-16,0.39019624,0.40675105,0.38594551,0.39596992,143450.04060494
2025-02-17,0.37859901,0.38667268,0.37705,0.38250484,155433.49143485
2025-02-18,0.37439438,0.3807216,0.37437472,0.37811629,55300.5443692
2025-02-19,0.3905155,0.40011252,0.38595244,0.39566831,169901.68742224
2025-02-20,0.39842873,0.40321074,0.39284419,0.40166738,201348.3949789
2025-02-21,0.37047558,0.37522557,0.36593927,0.37080762,188089.1346452
2025-02-22,0.36509556,0.37133862,0.35062455,0.36207535,106719.94729729
2025-02-23,0.38977874,0.39111037,0.37906623,0.38576443,186699.78583997
2025-02-24,0.33104602,0.35058837,0.32993476,0.34335143,139654.50704622
2025-02-25,0.31595714,0.31646482,0.30975249,0.31299016,116124.93741777
2025-02-26,0.33406255,0.34785614,0.3276115,0.34147793,128213.616353
2025-02-27,0.31549216,0.33907294,0.31117243,0.32925725,188819.15108221
2025-02-28,0.3324144,0.33948076,0.32905417,0.33213575,211147.83788109
2025-03-01,0.35472517,0.35925439,0.3457881,0.35372071,174799.35398713
2025-03-02,0.30696759,0.31405042,0.29968153,0.30867502,119782.82710858
2025-03-03,0.33597137,0.34274933,0.32134709,0.3261587,184145.69222408
2025-03-04,0.29033374,0.29865534,0.28944225,0.29593133,207673.75659799
2025-03-05,0.28062839,0.29641322,0.27454003,0.28988084,168222.89111957
2025-03-06,0.26191789,0.2777921,0.25873196,0.26750625,177340.90058753
2025-03-07,0.28501426,0.29252011,0.27852791,0.29194301,131391.94428941
2025-03-08,0.28445478,0.28458586,0.27442626,0.27924579,220284.05110634
2025-03-09,0.29604992,0.30383803,0.28917674,0.29742998,97466.91387262
2025-03-10,0.25127839,0.25643906,0.23649803,0.24695574,111375.0431881
2025-03-11,0.29679723,0.30327504,0.28756007,0.29264644,93276.76613057
2025-03-12,0.26091442,0.26845147,0.2590535,0.26338229,164751.36290565
2025-03-13,0.29725212,0.30823535,0.29657976,0.30164193,180077.64172311
2025-03-14,0.26375175,0.27495887,0.25843887,0.26830533,258491.08311417
2025-03-15,0.26465418,0.26921631,0.26104649,0.26268013,306109.6181346
2025-03-16,0.26324589,0.26850033,0.26111714,0.26171678,68396.7830309
2025-03-17,0.22910967,0.23561601,0.21851035,0.22250457,64148.66331719
2025-03-18,0.23711451,0.23893199,0.22949575,0.23763347,101758.28394022
2025-03-19,0.24666187,0.24872924,0.23923431,0.24716426,152412.60675161
2025-03-20,0.20537098,0.21132346,0.20347463,0.20732554,170929.81414769
2025-03-21,0.27661575,0.27738252,0.27191551,0.27488239,31305.64512535
2025-03-22,0.24927046,0.260088,0.24186698,0.25426166,202692.57324834
2025-03-23,0.2528878,0.25430235,0.24134398,0.25416672,282540.94519153
2025-03-24,0.25036945,0.25191888,0.24437656,0.24821244,151568.27631021
2025-03-25,0.24744159,0.25337508,0.23551835,0.23865477,125515.88339724
2025-03-26,0.24804559,0.2624509,0.24316442,0.25600438,203908.49549334
2025-03-27,0.25596096,0.26221785,0.24680252,0.25922725,175719.35185195
2025-03-28,0.26829188,0.27302003,0.26360753,0.26532265,257934.45042946
2025-03-29,0.25757129,0.26230375,0.24280829,0.25112999,98025.12918222
2025-03-30,0.22916869,0.23411841,0.22218565,0.2305656,170611.37304619
2025-03-31,0.22444261,0.22895309,0.22168844,0.22814925,144421.26390612
2025-04-01,0.25497638,0.26123155,0.24669195,0.24914373,227248.76164156
2025-04-02,0.28353104,0.28743811,0.27174251,0.28255279,197872.07873651
2025-04-03,0.24670953,0.24921111,0.23821723,0.24590153,88286.88673586
2025-04-04,0.25492531,0.26445452,0.2530735,0.25801329,150463.94109506
2025-04-05,0.23561901,0.23867605,0.22583746,0.2313677,164986.45078671
2025-04-06,0.27379675,0.28218422,0.26007972,0.26829969,218049.61414037
2025-04-07,0.28711529,0.29480331,0.27881108,0.28901317,146828.18233456
2025-04-08,0.23049917,0.24929838,0.22796856,0.23889115,113353.35526378
2025-04-09,0.31498913,0.32166473,0.3050723,0.31050569,22669.54284587
2025-04-10,0.33905236,0.34921554,0.33362707,0.34094674,117882.80090938
2025-04-11,0.29560157,0.30639732,0.29448069,0.29644457,173808.92638684
2025-04-12,0.34081499,0.34847071,0.33933807,0.34336289,248733.99713314
2025-04-13,0.2934846,0.29438435,0.28784191,0.29025517,163334.35417959
2025-04-14,0.29529547,0.2975517,0.29002865,0.29657229,79069.66884355
2025-04-15,0.30510154,0.30581477,0.29688005,0.30377318,101013.15791342
2025-04-16,0.36065212,0.36563284,0.35532793,0.36327896,209840.46169708
2025-04-17,0.28597904,0.29796004,0.28409857,0.2891871,76823.97342861
2025-04-18,0.31110593,0.31406834,0.3047609,0.31283627,59862.5297729
2025-04-19,0.34111207,0.3452474,0.33682668,0.34207396,92199.88324121
2025-04-20,0.34708311,0.35335472,0.33467292,0.3409402,213312.28228274
2025-04-21,0.37258904,0.3808557,0.36832617,0.37411699,254732.73471103
2025-04-22,0.37792587,0.38761548,0.37021969,0.37769433,107812.94634011
2025-04-23,0.38430306,0.39496056,0.3787764,0.39070293,158421.92444891
2025-04-24,0.38081898,0.39179331,0.37415238,0.38559591,109526.76809415
2025-04-25,0.3988299,0.40530713,0.39030111,0.39636496,178472.99919038
2025-04-26,0.42054431,0.42691536,0.41345021,0.41692495,170099.56134801
2025-04-27,0.39671998,0.40566878,0.39154301,0.39964225,109407.27260486
2025-04-28,0.42866733,0.43882938,0.42765868,0.43244626,229313.94290334
2025-04-29,0.44166593,0.44671935,0.4383322,0.43934818,49845.42876396
2025-04-30,0.43765065,0.44548645,0.42953662,0.43950576,174945.18376698
2025-05-01,0.43051622,0.43368659,0.42114287,0.42734481,185868.4734335
2025-05-02,0.45203738,0.45601404,0.4396482,0.44473652,226301.05547734
2025-05-03,0.46334074,0.47145233,0.45764621,0.46749881,123389.50752467
2025-05-04,0.46700771,0.47142693,0.45205773,0.46227191,140346.35152752
2025-05-05,0.45950252,0.4685227,0.45623878,0.46072922,217072.03836739
2025-05-06,0.49199898,0.49482185,0.48492543,0.49002278,149654.90751609
2025-05-07,0.5172741,0.51991441,0.51558453,0.51960162,109262.40957689
2025-05-08,0.51563247,0.52216688,0.51154593,0.5201054,148812.74861677
2025-05-09,0.50795084,0.51842897,0.50009279,0.5143703,173564.02592188
2025-05-10,0.5286999,0.53665187,0.52744859,0.53249583,184157.33584495
2025-05-11,0.54925614,0.55427622,0.5467578,0.55041332,142846.9014801
2025-05-12,0.57193143,0.58118347,0.56420407,0.57552364,144158.93767454
2025-05-13,0.52626606,0.5358463,0.51911725,0.52457562,147673.13332199
2025-05-14,0.54764276,0.56423858,0.54408859,0.55828962,95214.19322476
2025-05-15,0.58767091,0.59772948,0.58638836,0.59243773,170167.69217208
2025-05-16,0.54910447,0.55445656,0.54078853,0.54799656,72105.83927188
2025-05-17,0.57155617,0.58283757,0.57136411,0.57567619,126485.13137178
2025-05-18,0.60321381,0.60360713,0.59400426,0.60234342,153541.21111733
2025-05-19,0.61854501,0.62576612,0.61295489,0.62065938,123696.18291427
2025-05-20,0.65151911,0.65889498,0.64844824,0.65287999,116650.13129332
2025-05-21,0.60993128,0.61566295,0.60482047,0.61350996,125025.94240744
2025-05-22,0.66574081,0.66967537,0.65889124,0.66665552,254991.71776198
2025-05-23,0.60568252,0.60750567,0.59602078,0.5995477,66509.65393526
2025-05-24,0.62266463,0.63277808,0.61867657,0.62960107,141220.74900524
2025-05-25,0.6525795,0.65734398,0.6423666,0.65125658,160076.33247638
2025-05-26,0.67794559,0.68102756,0.67636235,0.67728876,17578.52325551
2025-05-27,0.64557286,0.65628033,0.63672872,0.65135089,14437.01443583
2025-05-28,0.67251269,0.68064893,0.66079548,0.68008703,195396.2192406
2025-05-29,0.62028883,0.62460733,0.60410353,0.61358183,94416.13089606
2025-05-30,0.68379069,0.68500519,0.67781742,0.68320294,197803.12092463
2025-05-31,0.66873543,0.67570814,0.66104397,0.66610794,218049.34548157
2025-06-01,0.71188583,0.71766466,0.69569198,0.70381244,141356.02785586
2025-06-02,0.71178233,0.71810722,0.70284876,0.71007246,130982.94329449
2025-06-03,0.68638697,0.70108391,0.6849046,0.69539961,103767.55040372
2025-06-04,0.70246137,0.70918614,0.69279747,0.69918535,139158.25876796
2025-06-05,0.71281846,0.72689025,0.70295391,0.71727548,113966.79291239
2025-06-06,0.68552758,0.69354402,0.6833238,0.69132801,168238.22816501
2025-06-07,0.72829567,0.7338366,0.71842188,0.72405555,132013.75669053
2025-06-08,0.76368537,0.76631146,0.74972414,0.75563109,134464.66245051
2025-06-09,0.72007209,0.72443623,0.71589101,0.72288554,206484.78278165
2025-06-10,0.76383176,0.76926164,0.75006685,0.75910286,145292.19227629
2025-06-11,0.72563132,0.74083006,0.7175934,0.73227004,92899.60689331
2025-06-12,0.72241289,0.72809095,0.71068444,0.71245408,131490.44534077
2025-06-13,0.75707875,0.764505,0.74188065,0.75170632,193609.98011403
2025-06-14,0.75763046,0.76112962,0.74826506,0.75151085,65267.18117742
2025-06-15,0.75622778,0.76549991,0.75091918,0.75973639,129722.61970385
2025-06-16,0.74299341,0.75286046,0.73429816,0.73804008,103176.20962194
2025-06-17,0.78653675,0.78986417,0.78207708,0.78608633,201291.17090664
2025-06-18,0.74732651,0.74845844,0.74419404,0.74685898,216791.96409558
2025-06-19,0.76279351,0.76289867,0.75449468,0.75774891,168610.14842285
2025-06-20,0.773662,0.77926471,0.76092999,0.76325447,104383.52176536
2025-06-21,0.72992386,0.73446373,0.72012537,0.72320101,218829.84719462
2025-06-22,0.7751997,0.7802336,0.76932683,0.77679096,48461.77664144
2025-06-23,0.76280054,0.76835378,0.75227357,0.75940425,150990.06625333
2025-06-24,0.75905338,0.76439025,0.74223961,0.75211433,201477.47980137
2025-06-25,0.74211885,0.74530005,0.73346818,0.74232997,316550.29727638
2025-06-26,0.74262709,0.74908498,0.7358633,0.74114157,140050.4689879
2025-06-27,0.74998838,0.75967974,0.74427973,0.75729968,154012.10619658
2025-06-28,0.74952365,0.758116,0.74474711,0.74659533,109190.28924977
2025-06-29,0.76229411,0.76785749,0.75320857,0.76184171,39957.1243705
2025-06-30,0.76861247,0.76978855,0.75898326,0.76762318,257885.60017702
2025-07-01,0.7638167,0.77216511,0.7572057,0.76507352,67850.28672973
2025-07-02,0.77810748,0.79427017,0.77319725,0.78307275,165929.99253644
2025-07-03,0.73030579,0.74067455,0.71776897,0.72331379,112404.51931001
2025-07-04,0.71409349,0.71577293,0.71056346,0.71073942,150631.82931731
2025-07-05,0.72446654,0.73058712,0.7243007,0.72688106,126586.53660811
2025-07-06,0.71484922,0.72157156,0.71254377,0.71338815,243894.58897429
2025-07-07,0.67233127,0.67597996,0.66179874,0.6697495,183126.9776488
2025-07-08,0.70186072,0.70343071,0.69713146,0.70342815,106153.25532545
2025-07-09,0.67774925,0.688365,0.67401532,0.68333526,202248.85646883
2025-07-10,0.67863786,0.6887201,0.67356027,0.68609029,40109.36849465
2025-07-11,0.71651875,0.72228596,0.71113416,0.7176985,189680.2675845
2025-07-12,0.69497339,0.70161035,0.68407196,0.69877693,23406.10362951
2025-07-13,0.65495135,0.66709544,0.64911617,0.6593976,168786.50845728
2025-07-14,0.65760219,0.65970187,0.65270188,0.65601207,104213.74241284
2025-07-15,0.64754559,0.65818998,0.64166585,0.65256705,100647.04329176
2025-07-16,0.65331345,0.65875264,0.64189712,0.6511944,134246.77231503
2025-07-17,0.66340559,0.66539993,0.6583736,0.66011034,67313.77830113
2025-07-18,0.65383465,0.66060276,0.64847134,0.65484737,162196.85538152
2025-07-19,0.65008848,0.6593545,0.64326632,0.65211622,66597.97275531
2025-07-20,0.63511484,0.65088139,0.62252291,0.62738732,151474.36029528
2025-07-21,0.59241222,0.59720675,0.58856006,0.59185432,256187.01316494
2025-07-22,0.61623879,0.62293567,0.60903341,0.62121429,111993.07264106
2025-07-23,0.58205363,0.59508549,0.57526752,0.5904885,198703.17434043
2025-07-24,0.61430512,0.61573837,0.60049933,0.60607716,172639.24930833
2025-07-25,0.55944025,0.5621085,0.55376343,0.56039622,99794.62200246
2025-07-26,0.60602099,0.61035991,0.59504105,0.59809258,77040.79535268
2025-07-27,0.58003292,0.59245514,0.57005774,0.58466525,253777.4504971
2025-07-28,0.60534569,0.611727,0.60215071,0.60479138,70234.38925781
2025-07-29,0.56760131,0.5827051,0.56519252,0.57473266,137522.30886557
2025-07-30,0.58738846,0.59391831,0.58192659,0.58611219,201361.43837666
2025-07-31,0.53289857,0.53958623,0.53259301,0.53755604,74453.72006707
2025-08-01,0.54715465,0.54970664,0.53980133,0.54757458,160871.70845463
2025-08-02,0.5293898,0.53796452,0.52334231,0.53435544,133695.56584745
2025-08-03,0.54074164,0.5502342,0.53095749,0.53687488,111526.04731784
2025-08-04,0.52057082,0.52882841,0.50439737,0.50893651,192724.06271629
2025-08-05,0.49356398,0.50356272,0.48728286,0.49516931,206089.01227247
2025-08-06,0.52299734,0.53140497,0.51514206,0.5254734,197693.26374187
2025-08-07,0.47456304,0.48533687,0.47097958,0.47430593,177885.62230906
2025-08-08,0.47580021,0.48991077,0.47483085,0.48296108,162882.05608614
2025-08-09,0.48660229,0.48952622,0.48167318,0.48908461,148832.59247269
2025-08-10,0.45930172,0.46515387,0.45755759,0.4581667,214448.86997164
2025-08-11,0.40205145,0.41124503,0.39934352,0.40382748,62908.36438932
2025-08-12,0.42116451,0.43461386,0.42064741,0.42359878,175251.73585937
2025-08-13,0.42211799,0.42705241,0.4206825,0.42619801,170588.29740299
2025-08-14,0.44192133,0.4440538,0.43398034,0.43534637,184548.97177847
2025-08-15,0.43004601,0.43072699,0.41463102,0.42412106,157849.83645555
2025-08-16,0.44474288,0.45496198,0.44148134,0.44578955,279036.85904605
2025-08-17,0.37954214,0.39283924,0.37111684,0.38712439,226035.13131704
2025-08-18,0.39025961,0.39522439,0.3792263,0.38826522,212840.91148668
2025-08-19,0.37649466,0.38143272,0.36306956,0.37163221,127263.595638
2025-08-20,0.37305642,0.37620808,0.37170132,0.37590081,217466.41051547
2025-08-21,0.37502779,0.38546179,0.36992797,0.37898443,196331.70240081
2025-08-22,0.35036416,0.3519573,0.34192365,0.35041206,181453.46550902
2025-08-23,0.36671838,0.37525531,0.34520381,0.35449324,169966.59014002
2025-08-24,0.33718378,0.34234019,0.33091325,0.33489715,221378.08281422
2025-08-25,0.33343902,0.33882385,0.33166253,0.33216641,182195.36079975
2025-08-26,0.34756153,0.35333849,0.34323638,0.34728633,112682.69680039
2025-08-27,0.30395373,0.31956024,0.30293121,0.31294157,123200.10677745
2025-08-28,0.27427003,0.28422288,0.26899549,0.27758864,151876.68785902
2025-08-29,0.30969226,0.32576457,0.3059494,0.31814361,151889.75768489
2025-08-30,0.30310562,0.32564902,0.29912559,0.31637959,183469.51016259
2025-08-31,0.29221074,0.30424983,0.29082125,0.29529263,167614.58103745
2025-09-01,0.28892018,0.29661715,0.27925706,0.28633933,183443.25397638
2025-09-02,0.27874378,0.28597343,0.27013141,0.2799759,178231.83830764
2025-09-03,0.28450457,0.29224922,0.27704032,0.28344519,203983.31710377
2025-09-04,0.2792935,0.28322173,0.26946864,0.27475263,184568.36020944
2025-09-05,0.25072579,0.25781645,0.24522699,0.25199501,199843.12427233
2025-09-06,0.21988264,0.23617956,0.2126627,0.22819617,266761.51434074
2025-09-07,0.27467584,0.28635459,0.26683223,0.26868862,50545.57156734
2025-09-08,0.25057155,0.26721936,0.24636881,0.2576737,107984.89557403
2025-09-09,0.29253082,0.29578244,0.2822185,0.28926851,94711.57466709
2025-09-10,0.25368783,0.25615321,0.24429569,0.24779592,122307.40252909
2025-09-11,0.23527948,0.2483292,0.22982654,0.24800666,232557.19481264
2025-09-12,0.26814383,0.27535676,0.26811034,0.27073976,134602.69653344
2025-09-13,0.24736451,0.2571063,0.24118938,0.25032147,183073.17846965
2025-09-14,0.30024532,0.3011581,0.29675883,0.29757125,146386.53246311
2025-09-15,0.23312609,0.24363103,0.22788631,0.23438877,77372.97369534
2025-09-16,0.27879804,0.28465594,0.27316015,0.27981314,180792.93769203
2025-09-17,0.23608155,0.24481217,0.22708349,0.2357785,100877.70915215
2025-09-18,0.25803968,0.26225767,0.24944647,0.25041556,111130.95610689
2025-09-19,0.26143272,0.26706453,0.25565112,0.26194751,133325.67026438
2025-09-20,0.2668902,0.27316764,0.25368115,0.26025593,217412.41161922
2025-09-21,0.27101471,0.27208147,0.26025058,0.26535456,174117.88242139
2025-09-22,0.24459941,0.2534677,0.24181264,0.24886582,170246.77715182
2025-09-23,0.26504583,0.27443856,0.26161936,0.26624716,114029.33111874
2025-09-24,0.25372769,0.26370918,0.2492465,0.2557304,181986.29645626
2025-09-25,0.26649209,0.27947291,0.26113217,0.27463545,39189.79641702
2025-09-26,0.25802248,0.25965935,0.24903195,0.2589855,157530.49065422
2025-09-27,0.21280232,0.21920922,0.20814061,0.21518194,104219.23098392
2025-09-28,0.24268543,0.24478738,0.2335481,0.24144081,179260.06733212
2025-09-29,0.26766433,0.27584339,0.26248577,0.27050949,158958.30301318
2025-09-30,0.2367879,0.23865381,0.23142076,0.23682324,298188.78392008
2025-10-01,0.24895299,0.26049375,0.24648032,0.25300512,88073.32390909
2025-10-02,0.2722574,0.27986307,0.26789288,0.27149439,113871.34929444
2025-10-03,0.27145959,0.28089238,0.26235608,0.27499492,100122.05356063
2025-10-04,0.26109772,0.26470096,0.26038853,0.2614471,70045.85224086
2025-10-05,0.25167791,0.25478696,0.24131185,0.252013,173640.72679703
2025-10-06,0.26802573,0.27713184,0.26711213,0.27353175,145294.25657781
2025-10-07,0.31943621,0.32395785,0.31851879,0.32104379,61548.57763676
2025-10-08,0.3054282,0.31165618,0.30470484,0.30608935,202362.12095909
2025-10-09,0.29068137,0.30157221,0.28760906,0.29989688,145489.16432682
2025-10-10,0.28681191,0.291766,0.2748879,0.28243254,236144.47156929
2025-10-11,0.31267695,0.32258445,0.31246441,0.31585544,214690.55905404
2025-10-12,0.32466753,0.32839717,0.32358955,0.32680354,131389.61058441
2025-10-13,0.34357702,0.3455877,0.34064062,0.34366903,180797.58454432
2025-10-14,0.37707402,0.38396518,0.3720627,0.37782366,125772.40483693
2025-10-15,0.32035915,0.3259226,0.31396891,0.32494689,201057.81043758
2025-10-16,0.34804501,0.3592575,0.3363956,0.3512292,45136.1869239
2025-10-17,0.37411115,0.38007285,0.36634866,0.37342516,242333.50306053
2025-10-18,0.37784387,0.37930455,0.35979523,0.36707921,64251.5999977
2025-10-19,0.35087512,0.35803493,0.34551721,0.34878051,183562.99080129
2025-10-20,0.37587884,0.37643765,0.36470273,0.3703235,167166.47733153
2025-10-21,0.39689506,0.40153376,0.39416381,0.39688825,61951.30115742
2025-10-22,0.42407605,0.43314956,0.41541575,0.42060175,251225.02705943
2025-10-23,0.41111186,0.41470682,0.40261022,0.40595763,204294.90545859
2025-10-24,0.3956416,0.40616912,0.38303593,0.38801666,232715.39825501
2025-10-25,0.41328628,0.4202386,0.40994634,0.41452613,192235.83155653
2025-10-26,0.45475521,0.45821645,0.4510727,0.45150276,175010.83604569
2025-10-27,0.42695114,0.43642153,0.42280727,0.43503531,241420.95022218
2025-10-28,0.4538811,0.4600413,0.45185966,0.45827971,88805.31852271
2025-10-29,0.4680324,0.48115231,0.45217395,0.46247005,121056.71492973
2025-10-30,0.48721356,0.49743644,0.48017641,0.48672068,120281.13740629
2025-10-31,0.49194205,0.49901643,0.48788144,0.49590188,133934.83382271
2025-11-01,0.44876747,0.46177819,0.44241914,0.44370137,231177.92434453
2025-11-02,0.45972219,0.46264316,0.45415805,0.46013356,181386.92173232
2025-11-03,0.47616908,0.48419869,0.47395392,0.47698758,224370.37785322
2025-11-04,0.53490628,0.54653132,0.53407541,0.53727683,113121.44486241
2025-11-05,0.53575082,0.54405573,0.52308038,0.53101919,152364.18359362
2025-11-06,0.5429378,0.5435336,0.53507541,0.54278777,184155.24507951
2025-11-07,0.53227906,0.54600693,0.53007407,0.5351659,154330.70804747
2025-11-08,0.53200329,0.54068405,0.52577356,0.53227577,131536.50799961
2025-11-09,0.57580891,0.58060792,0.56744186,0.57115115,106489.90757804
2025-11-10,0.53327195,0.53614572,0.52399455,0.52551722,99016.38540893
2025-11-11,0.55459017,0.5593318,0.54697068,0.54904051,101652.46738653
2025-11-12,0.56575233,0.56646686,0.55488351,0.5601296,179342.78571432
2025-11-13,0.596875,0.60145752,0.59369777,0.59574399,148992.10115572
2025-11-14,0.57997432,0.59592026,0.57120216,0.58657852,127602.13728783
2025-11-15,0.61168766,0.61235705,0.60795864,0.61166881,202237.69629847
2025-11-16,0.60519922,0.61858024,0.59915125,0.61018685,80418.75041875
2025-11-17,0.60665276,0.61081341,0.59937257,0.60876495,117475.76523706
2025-11-18,0.63940689,0.64239943,0.62879583,0.63048654,150069.58745259
2025-11-19,0.62449207,0.62842817,0.62414026,0.62616329,126380.86400929
2025-11-20,0.61109505,0.63012264,0.59882596,0.61660294,292602.47151816
2025-11-21,0.63791851,0.65007472,0.63600547,0.64341065,133420.89960744
2025-11-22,0.64230823,0.646989,0.63186892,0.63783878,113578.29302853
2025-11-23,0.65018004,0.6639422,0.64611845,0.65924445,174998.94654785
2025-11-24,0.65536632,0.66557191,0.64598533,0.66033726,141378.28200476
2025-11-25,0.69919318,0.71410251,0.69500077,0.71170185,70024.9439526
2025-11-26,0.62763769,0.6296531,0.62480633,0.6273964,141480.4621383
2025-11-27,0.68057479,0.69054196,0.67793189,0.68368372,218200.42311437
2025-11-28,0.71026144,0.72054936,0.70249304,0.7181744,73600.68313532
2025-11-29,0.68835487,0.69636001,0.67904527,0.68756657,141432.72132617
2025-11-30,0.71673922,0.72662337,0.71012481,0.71508738,141907.05751624
2025-12-01,0.69877555,0.70634584,0.69570551,0.70524802,238220.2464261
2025-12-02,0.74446118,0.76061801,0.73825617,0.75307146,137907.6618601
2025-12-03,0.73016315,0.74362541,0.72244157,0.73067178,102726.68109987
2025-12-04,0.70756278,0.71176623,0.69631741,0.70066766,158951.93216588
2025-12-05,0.73335628,0.73552267,0.72567485,0.72757509,116618.33486353
2025-12-06,0.71074804,0.71394274,0.70857662,0.71393296,62664.54981672
2025-12-07,0.74684908,0.75660029,0.73753777,0.75228913,129607.00419185
2025-12-08,0.74866572,0.75539125,0.74038327,0.74363383,87484.28236305
2025-12-09,0.76563256,0.76847875,0.76074946,0.76469213,146888.92929122
2025-12-10,0.70816683,0.71630035,0.70272023,0.7057531,99544.49038756
2025-12-11,0.73420684,0.74625057,0.7266559,0.73519969,160755.66307862
2025-12-12,0.73339646,0.73784344,0.73150372,0.73301218,124332.67781494
2025-12-13,0.75029687,0.75670132,0.7457681,0.75565055,126061.31827234
2025-12-14,0.71958702,0.72811418,0.7023844,0.71364076,122592.39124332
2025-12-15,0.76654059,0.77316678,0.75195935,0.76041167,159595.45284459
2025-12-16,0.74223689,0.74871279,0.73285016,0.73989227,215451.82233839
2025-12-17,0.75205745,0.76166543,0.74750568,0.75313012,100757.52310518
2025-12-18,0.75826141,0.77729253,0.75072457,0.76893124,150027.27699372
2025-12-19,0.77051699,0.77842465,0.76982543,0.77252389,75952.39000614
2025-12-20,0.75593007,0.75955263,0.74814571,0.75798624,145095.69996941
2025-12-21,0.73403736,0.74436653,0.72580106,0.73485332,153135.74304714
2025-12-22,0.75694512,0.77024804,0.74801692,0.75985011,128466.42527595
2025-12-23,0.75407958,0.76197419,0.74144595,0.74947046,191100.60996309
2025-12-24,0.7426127,0.75996924,0.73862494,0.75057991,164697.17916585
2025-12-25,0.74627144,0.75000162,0.7395039,0.74101026,238040.41766342
2025-12-26,0.76081826,0.76568314,0.74707605,0.753097,204168.63736612
2025-12-27,0.70834029,0.71860642,0.70525768,0.71608008,256891.50187347
2025-12-28,0.78380998,0.79013589,0.7797687,0.78485746,135393.74549711
2025-12-29,0.73875906,0.74270159,0.73238801,0.73705636,113737.86100816
2025-12-30,0.71001525,0.71909107,0.70355742,0.71201667,118500.35449811
2025-12-31,0.74255729,0.75042774,0.73782648,0.74225595,258083.06429611
2026-01-01,0.75030724,0.75963264,0.74361266,0.7466757,254401.86011967
2026-01-02,0.69026956,0.6934293,0.68915028,0.68986966,72210.73867935
2026-01-03,0.70345741,0.7073466,0.6932075,0.70102142,130339.77555001
2026-01-04,0.69311491,0.70173573,0.68205752,0.68631955,53241.80288663
2026-01-05,0.67530403,0.68311577,0.66670881,0.67788871,154295.95043767
2026-01-06,0.70227986,0.70373897,0.69175008,0.70012577,241195.11848188
2026-01-07,0.70691054,0.71116008,0.69414806,0.699171,232191.64156786
2026-01-08,0.67635602,0.68976905,0.67181947,0.67941949,101801.20446492
2026-01-09,0.66581402,0.68466305,0.65677012,0.67652729,75366.82148028
2026-01-10,0.66631954,0.67421857,0.65302324,0.65702976,139983.88595408
2026-01-11,0.67908272,0.68640728,0.66528481,0.67198004,137761.54712156
2026-01-12,0.69102476,0.69272936,0.68428073,0.68811393,258132.10262613
2026-01-13,0.60871945,0.62065738,0.60413218,0.61401333,81916.45220031
2026-01-14,0.57154366,0.58174132,0.56954527,0.57320081,81176.54792269
2026-01-15,0.65851786,0.66088031,0.64754819,0.65150497,58918.95947656
2026-01-16,0.62481687,0.63304923,0.62246982,0.62855861,204993.79131434
2026-01-17,0.5773509,0.58837565,0.57629366,0.58409825,53102.65222212
2026-01-18,0.58520515,0.59728109,0.58052055,0.59440009,252204.75621436
2026-01-19,0.61050652,0.62716734,0.60809688,0.62280329,177337.9516165
2026-01-20,0.59230839,0.59925903,0.58672596,0.5905565,50751.11066701
2026-01-21,0.58411047,0.59081723,0.57655982,0.58099867,189990.54777514
2026-01-22,0.57265502,0.5846417,0.56515007,0.57912235,228620.07988932
2026-01-23,0.56165063,0.56593435,0.56008444,0.56103547,169141.94899637
2026-01-24,0.54597495,0.54897234,0.54240703,0.5456296,146295.00277331
2026-01-25,0.55993059,0.56370502,0.55330205,0.55745528,171965.88647399
2026-01-26,0.53897756,0.54225134,0.53402817,0.53887245,199404.53156629
2026-01-27,0.55897504,0.56761275,0.54943944,0.55488974,209509.29779376
2026-01-28,0.52858334,0.53584877,0.5135563,0.52354707,200010.13418937
2026-01-29,0.53643307,0.53992412,0.53179279,0.53485126,200888.44892949
2026-01-30,0.49475308,0.50037196,0.48008849,0.48693249,208194.00292092
2026-01-31,0.50841841,0.51027603,0.50235089,0.50882883,183789.41167292
2026-02-01,0.46668655,0.47137567,0.45760565,0.46572694,47675.75703541
2026-02-02,0.47422495,0.4776175,0.4686651,0.47521024,26520.03224035
2026-02-03,0.43211159,0.43888731,0.42959411,0.432244,172120.47343211
2026-02-04,0.47785674,0.4830879,0.47485143,0.47497497,149999.40030894
2026-02-05,0.47028921,0.47079514,0.45091046,0.46278577,144947.39698139
2026-02-06,0.42892374,0.43869438,0.42376883,0.43033945,104832.32846185
2026-02-07,0.46172491,0.46674206,0.44671161,0.45683016,276705.59518001
2026-02-08,0.38632456,0.39688503,0.3796745,0.38617049,239051.46005308
2026-02-09,0.4303902,0.44071974,0.42541802,0.43761643,230165.12955012
2026-02-10,0.41422186,0.41999794,0.4086563,0.41661773,162398.90167524
2026-02-11,0.45489233,0.45686991,0.44803713,0.45558585,166322.83173787
2026-02-12,0.40148101,0.41146488,0.39793774,0.40505311,117652.38812681
2026-02-13,0.38669398,0.38739129,0.37706667,0.38179967,134101.61430848
2026-02-14,0.39976456,0.40839019,0.39705719,0.40065174,175935.04811114
2026-02-15,0.38396093,0.39365512,0.37694059,0.38353561,166047.93348179
2026-02-16,0.39434859,0.39859663,0.38450773,0.39241477,283985.54468692
2026-02-17,0.35511494,0.36052315,0.34661008,0.35189463,36853.20150784
2026-02-18,0.33907829,0.35239887,0.33743488,0.34309405,229725.4913374
2026-02-19,0.32892383,0.3335848,0.32559232,0.32979306,56475.2072844
2026-02-20,0.37531978,0.38393294,0.36179875,0.36969927,204718.9686368
2026-02-21,0.35620783,0.36674144,0.34684674,0.36002849,171126.03003886
2026-02-22,0.32077775,0.32937185,0.31717687,0.32516503,29228.28936119
2026-02-23,0.33957321,0.3464568,0.32641509,0.3319471,106507.10016748
2026-02-24,0.31866522,0.31956253,0.2998507,0.3116467,59877.25875724
2026-02-25,0.32446926,0.33147011,0.3230113,0.32781486,206953.98137068
2026-02-26,0.31896776,0.32248236,0.30457208,0.31359032,161115.75862671
2026-02-27,0.29369926,0.30490062,0.28760717,0.29618049,175414.33279002
2026-02-28,0.26465003,0.26692872,0.2620686,0.26494349,38806.62097789
2026-03-01,0.30097197,0.30652051,0.29892584,0.301507,161144.2675093
2026-03-02,0.26473866,0.27206417,0.25861196,0.26516806,185509.55434004
2026-03-03,0.25751399,0.27305818,0.25571428,0.26722261,130792.11800373
2026-03-04,0.25194976,0.26011006,0.24793575,0.25311151,76550.1206968
2026-03-05,0.27711954,0.28218221,0.26993071,0.27577559,224315.95704916
2026-03-06,0.30618632,0.31013485,0.29653719,0.30262342,66739.21786794
2026-03-07,0.27566201,0.28050695,0.26138536,0.26635111,102982.24785273
2026-03-08,0.28406446,0.29139955,0.28011055,0.28548299,77199.26583403
2026-03-09,0.25189447,0.25990631,0.24860775,0.25693848,253318.59740285
2026-03-10,0.2726822,0.27579503,0.26427959,0.2711061,141889.33573883
2026-03-11,0.27942079,0.29068267,0.27511347,0.28052257,155424.16266536
2026-03-12,0.24486944,0.24705767,0.24331277,0.2449998,50258.27083442
2026-03-13,0.23130218,0.24189313,0.22823634,0.23602936,140668.09547347
2026-03-14,0.28086864,0.28117878,0.27168488,0.27790198,186130.62168145
2026-03-15,0.2432314,0.25406058,0.23899883,0.24797347,166011.00345348
2026-03-16,0.26399129,0.26751414,0.26173507,0.26189256,155776.66733003
2026-03-17,0.24671477,0.25351616,0.24011194,0.24753974,85387.30562779
2026-03-18,0.26870495,0.27419532,0.26175665,0.26695256,281349.43627922
2026-03-19,0.25904253,0.25970336,0.2548518,0.25946767,179075.92960966
2026-03-20,0.22495511,0.23111762,0.21759806,0.22569148,59683.39148396
2026-03-21,0.24721523,0.2534069,0.24096176,0.24839385,202657.09237284
2026-03-22,0.28827575,0.2939376,0.26892695,0.27529938,142512.71678719
2026-03-23,0.24882153,0.25781614,0.24576704,0.25334895,73395.82918642
2026-03-24,0.25716307,0.26558013,0.25301719,0.2599665,180276.41909204
2026-03-25,0.29044953,0.29437944,0.28391444,0.28781039,162676.88454168
2026-03-26,0.25142356,0.26159362,0.24556564,0.25315612,121594.18522708
2026-03-27,0.26739958,0.27145779,0.26165081,0.2679774,125948.16061074
2026-03-28,0.25899199,0.26195426,0.24625277,0.25542106,75777.59541901
2026-03-29,0.28186799,0.28793801,0.2740031,0.27988984,204261.50808131
2026-03-30,0.26720822,0.2730827,0.25623501,0.26908341,87532.51194841
2026-03-31,0.29556149,0.30632686,0.28724289,0.29971575,76650.12813587
2026-04-01,0.26897561,0.27757983,0.26138562,0.26462392,254920.27828367
2026-04-02,0.2832098,0.29202908,0.27851988,0.28130096,249882.84717136
2026-04-03,0.27600954,0.28032867,0.26403304,0.27648932,151910.2264497
2026-04-04,0.31961984,0.3233442,0.30604878,0.31374837,131144.71313164
2026-04-05,0.26519905,0.27219988,0.26349045,0.26704857,78589.06810538
2026-04-06,0.30761299,0.31451282,0.300533,0.30547057,110520.61595119
2026-04-07,0.31747466,0.33142385,0.31704315,0.32429942,204857.14030279
2026-04-08,0.30837315,0.31209401,0.29743801,0.30058217,88639.86338616
2026-04-09,0.33018266,0.34043094,0.32390039,0.33621002,96726.06278872
2026-04-10,0.31025183,0.31372884,0.30742032,0.31280109,148991.55717266
2026-04-11,0.30650758,0.31173389,0.30091471,0.30647239,149572.67492589
2026-04-12,0.29293999,0.30337265,0.28844131,0.29744834,81841.44754472
2026-04-13,0.38906529,0.38994564,0.37833868,0.38287476,182164.90493952
2026-04-14,0.38011668,0.39766812,0.37627948,0.3907584,159556.20745929
2026-04-15,0.36805596,0.37890061,0.35560127,0.35976813,94010.86816884
2026-04-16,0.42641031,0.42818157,0.41591147,0.42427763,137757.89550192
2026-04-17,0.37943085,0.37960378,0.36634324,0.37415224,160784.87288172
2026-04-18,0.39659496,0.3966066,0.39295754,0.39564139,172438.18451827
2026-04-19,0.40641808,0.40677642,0.40222199,0.40675406,101994.87695619
2026-04-20,0.39150683,0.39741327,0.3886482,0.38911312,142001.58195373
2026-04-21,0.42494019,0.42941951,0.41897725,0.42400251,79021.02024675
2026-04-22,0.45929473,0.46168154,0.45810505,0.45864963,43609.5424445
2026-04-23,0.42186814,0.42514533,0.41250624,0.41671059,89053.13378563
2026-04-24,0.47863504,0.48184452,0.46354431,0.46742845,179251.82709649
2026-04-25,0.4534011,0.45954328,0.44639128,0.4559776,240835.85891684
2026-04-26,0.41552522,0.42538943,0.41360722,0.41901974,116750.17560377
2026-04-27,0.49125151,0.49465893,0.48342815,0.48985139,68269.79669744
2026-04-28,0.47760783,0.48620891,0.46844,0.47535562,158163.90989309
2026-04-29,0.47563208,0.48555759,0.4669228,0.47688718,182279.72911004
2026-04-30,0.48594803,0.49118913,0.48231347,0.49024436,196536.24172942
2026-05-01,0.50786598,0.51230059,0.50136806,0.50148561,108658.75769154
2026-05-02,0.52493826,0.53030535,0.51884404,0.52370798,119642.28023867
2026-05-03,0.52590584,0.53472612,0.52084999,0.52854643,53501.93136249
2026-05-04,0.5539537,0.56273912,0.54719128,0.55522742,148513.51691104
2026-05-05,0.52498066,0.52837961,0.52148561,0.52397246,119339.61291484
2026-05-06,0.50331038,0.51292854,0.49664487,0.5083575,28498.91408778
2026-05-07,0.5666303,0.57427251,0.55092708,0.5599984,77667.48801852
2026-05-08,0.53254317,0.54869327,0.52099392,0.53959718,53589.55693747
2026-05-09,0.55743792,0.56477383,0.5552973,0.56413772,238366.38696589
2026-05-10,0.56979774,0.57676511,0.56329679,0.56579158,230034.14506324
2026-05-11,0.55963021,0.56856656,0.55554112,0.56223435,134853.79474892
2026-05-12,0.61423087,0.61465242,0.60339775,0.60848214,225772.33628108
2026-05-13,0.61934738,0.63464235,0.61409587,0.6319496,124873.12548413
2026-05-14,0.62515023,0.63178001,0.61844836,0.62273159,139275.01164057
2026-05-15,0.63746918,0.64347164,0.62948962,0.63480807,104093.37753777
2026-05-16,0.6092956,0.61740251,0.60669542,0.60865257,169610.0274443
2026-05-17,0.63799797,0.64393178,0.63107684,0.63928871,102958.25873221
2026-05-18,0.65777391,0.67348116,0.65069604,0.66650481,232997.27845954
2026-05-19,0.59979,0.61333736,0.59713119,0.60509888,148250.91191892
2026-05-20,0.66907102,0.67627777,0.66703415,0.6744089,147470.72931379
2026-05-21,0.64504943,0.64970788,0.63827634,0.64477614,110340.48090268
2026-05-22,0.68161395,0.68928078,0.67106619,0.67738262,124157.37973001
2026-05-23,0.66787333,0.680796,0.66015777,0.67488053,110606.5837105
2026-05-24,0.71102312,0.72191571,0.705221,0.70685798,154571.02828451
2026-05-25,0.66968532,0.679066,0.66122354,0.67175903,148450.3015489
2026-05-26,0.67863387,0.68891795,0.67280893,0.6840666,187739.88245169
2026-05-27,0.71222186,0.71798422,0.70323322,0.71501734,165905.9857447
2026-05-28,0.67534961,0.67829878,0.65989682,0.66732904,130271.54404466
2026-05-29,0.71611522,0.71657922,0.70373731,0.70777418,106487.08305602
2026-05-30,0.70438889,0.71373438,0.69810001,0.70596195,121679.49545635
2026-05-31,0.75033054,0.7526833,0.74224427,0.74611956,109298.78422326
